geneSymbol,log2FC,p_value,FDR,type,young_promoter_methylation,young_CpG_count,aged_promoter_methylation,aged_CpG_count,promoter_methylation_change,multiomics_pattern
Kcnb2,2.5599194680448103,1.2261641866129066e-09,2.340256966569394e-05,UP,0.963,9.0,1.0,7,0.03700000000000003,RNA_UP_METHYLATION_UP
Clu,2.22949841323514,7.872650197067838e-10,2.340256966569394e-05,UP,0.8421052631578947,19.0,0.7637857142857143,28,-0.0783195488721804,RNA_UP_METHYLATION_DOWN
Clec1a,1.405403824534151,3.000283477837915e-09,3.8175606972009634e-05,UP,0.6923076923076923,13.0,0.4762142857142857,14,-0.2160934065934066,RNA_UP_METHYLATION_DOWN
Snap23,0.2795138169848847,5.658958569943568e-09,5.400344163297147e-05,UP,0.2353703703703704,27.0,0.11341176470588235,34,-0.12195860566448805,RNA_UP_METHYLATION_DOWN
Cdk1,-0.444519261293296,9.74398490181734e-09,7.43894783344343e-05,DN,0.25,18.0,0.2222222222222222,27,-0.02777777777777779,RNA_DOWN_METHYLATION_DOWN
Exoc3l2,1.1057159099457872,1.680457429313876e-08,0.0001069107016529,UP,0.8367916666666666,24.0,0.9242424242424242,33,0.0874507575757576,RNA_UP_METHYLATION_UP
Ptprk,1.9473000627846333,2.0565082095907184e-08,0.0001121443305378,UP,0.42794117647058827,17.0,0.2125,32,-0.21544117647058827,RNA_UP_METHYLATION_DOWN
Prom2,1.6499339266514157,3.266187214547408e-08,0.0001246768983537,UP,0.6875,20.0,0.9444444444444444,18,0.2569444444444444,RNA_UP_METHYLATION_UP
Syt15,2.0234494788077577,2.8193440072409092e-08,0.0001246768983537,UP,0.6697096774193548,31.0,0.8549259259259259,27,0.18521624850657104,RNA_UP_METHYLATION_UP
Gm16548,2.15882685218002,3.2193446139825525e-08,0.0001246768983537,UP,0.6852222222222222,9.0,0.7770625,16,0.09184027777777781,RNA_UP_METHYLATION_UP
Tacr1,2.185434336145053,4.51479651988204e-08,0.0001325683175053,UP,0.2777777777777778,18.0,0.14016666666666666,36,-0.13761111111111113,RNA_UP_METHYLATION_DOWN
Gprc5c,2.294924874153285,4.4430994234297096e-08,0.0001325683175053,UP,0.20721621621621622,37.0,0.0,35,-0.20721621621621622,RNA_UP_METHYLATION_DOWN
Fam169a,2.3296637080483773,4.386199225392897e-08,0.0001325683175053,UP,0.9078947368421053,19.0,0.8979166666666666,24,-0.009978070175438725,RNA_UP_METHYLATION_DOWN
Gabra4,2.7849638694495917,8.39067927472998e-08,0.0002135260061833,UP,0.6363636363636364,11.0,0.2631578947368421,19,-0.37320574162679426,RNA_UP_METHYLATION_DOWN
Trpc6,0.5379631698228398,7.990692691742195e-08,0.0002135260061833,UP,0.10869565217391304,23.0,0.1506,20,0.04190434782608697,RNA_UP_METHYLATION_UP
2310044G17Rik,0.3096998166733478,9.278385507778308e-08,0.0002213590822518,UP,0.01958823529411765,17.0,0.07954545454545454,22,0.059957219251336895,RNA_UP_METHYLATION_UP
Trpc1,2.471690687140594,1.0445624749034485e-07,0.0002345472870118,UP,0.4889411764705883,34.0,0.5436774193548387,31,0.054736242884250386,RNA_UP_METHYLATION_UP
Pcdhb16,1.263973307819921,1.1635164979122195e-07,0.0002467430653239,UP,0.625,8.0,0.6416999999999999,10,0.016699999999999937,RNA_UP_METHYLATION_UP
Ripk4,2.4919179874141375,1.2383752332369413e-07,0.0002487961021216,UP,0.35296153846153844,26.0,0.19046428571428572,28,-0.1624972527472527,RNA_UP_METHYLATION_DOWN
Aldh3a1,2.0592706679917097,1.346223061507808e-07,0.000252236963777,UP,0.58336,25.0,0.3397307692307692,26,-0.24362923076923076,RNA_UP_METHYLATION_DOWN
Cysltr2,1.4445586695175523,1.3917980735545046e-07,0.000252236963777,UP,0.5571428571428572,14.0,0.35681250000000003,16,-0.20033035714285713,RNA_UP_METHYLATION_DOWN
Twf1,0.3250807714501915,1.4537391813621304e-07,0.000252236963777,UP,0.5555555555555556,18.0,0.18548387096774194,31,-0.37007168458781364,RNA_UP_METHYLATION_DOWN
Ehd3,1.6242531620419838,1.5396108989488098e-07,0.000255521857542,UP,0.5031724137931034,29.0,0.42116129032258065,31,-0.08201112347052275,RNA_UP_METHYLATION_DOWN
Itga9,-1.2777592709191974,1.6806789431335534e-07,0.0002673119859053,DN,0.82,25.0,0.7391304347826086,23,-0.0808695652173913,RNA_DOWN_METHYLATION_DOWN
HAG_026577,-1.0676223347155225,1.757993284897865e-07,0.0002684244786844,DN,0.8666666666666667,15.0,0.9583333333333334,18,0.09166666666666667,RNA_DOWN_METHYLATION_UP
Art4,0.7524648443724962,1.9657392032499593e-07,0.0002733662075088,UP,0.35257692307692307,26.0,0.2948275862068966,29,-0.05774933687002648,RNA_UP_METHYLATION_DOWN
Dnm3,2.275780141043278,2.0595458890603685e-07,0.0002733662075088,UP,0.738107142857143,28.0,0.9849473684210526,19,0.2468402255639096,RNA_UP_METHYLATION_UP
Fut8,0.4911328043437422,2.076815471486287e-07,0.0002733662075088,UP,0.4116363636363637,22.0,0.43396296296296294,27,0.02232659932659925,RNA_UP_METHYLATION_UP
P2ry14,-1.4879084277359111,1.990488985289516e-07,0.0002733662075088,DN,0.5515,16.0,0.6411764705882353,17,0.08967647058823536,RNA_DOWN_METHYLATION_UP
HNG_013436,0.3059923753140003,2.150763204419725e-07,0.0002736631101303,UP,0.8200000000000001,15.0,0.85,10,0.029999999999999916,RNA_UP_METHYLATION_UP
Fhl1,1.0347192497228974,2.5157727600799493e-07,0.0003097808961218,UP,0.125,36.0,0.10952380952380951,42,-0.01547619047619049,RNA_UP_METHYLATION_DOWN
Darc,1.289822072386802,2.5985272935135037e-07,0.0003099718245249,UP,0.7443684210526316,19.0,0.6274705882352941,17,-0.11689783281733745,RNA_UP_METHYLATION_DOWN
Alcam,1.3907344905746468,2.686249320521325e-07,0.0003107257850392,UP,0.03265714285714286,35.0,0.06312121212121213,33,0.030464069264069277,RNA_UP_METHYLATION_UP
HAG_025641,1.10580065066895,2.907728405753733e-07,0.0003264523785424,UP,0.9375,22.0,0.91665,20,-0.020850000000000035,RNA_UP_METHYLATION_DOWN
Ctse,-0.7439736292033929,3.233011128182358e-07,0.0003454137172715,DN,0.8181818181818182,11.0,0.7727272727272727,11,-0.045454545454545525,RNA_DOWN_METHYLATION_DOWN
Arhgef26,1.1912568757892652,3.257595573136353e-07,0.0003454137172715,UP,0.55,20.0,0.7214285714285714,14,0.17142857142857137,RNA_UP_METHYLATION_UP
HAG_008922,0.3174287832697171,3.4788830411850474e-07,0.0003589079012111,UP,0.8610833333333333,12.0,0.90625,16,0.04516666666666669,RNA_UP_METHYLATION_UP
Aurkb,-0.5072249605950656,3.7030626276415155e-07,0.0003624443759546,DN,0.675,15.0,0.42158823529411765,17,-0.2534117647058824,RNA_DOWN_METHYLATION_DOWN
Mab21l2,3.250275540983594,3.6316794461162105e-07,0.0003624443759546,UP,0.4833,20.0,0.32332,25,-0.15998,RNA_UP_METHYLATION_DOWN
Apol10b,1.7855397692912836,4.0857947727028756e-07,0.000389907395159,UP,0.8545454545454546,22.0,0.8947368421052632,19,0.040191387559808556,RNA_UP_METHYLATION_UP
HAG_021866,1.514102753901491,4.4106415452406547e-07,0.0004106414855242,UP,0.45395238095238094,21.0,0.25,18,-0.20395238095238094,RNA_UP_METHYLATION_DOWN
Cyp4b1,1.132187003121232,4.623446451402378e-07,0.0004202052331974,UP,1.0,8.0,0.9375,8,-0.0625,RNA_UP_METHYLATION_DOWN
Itgb5,-1.3575280341880136,4.899634448981695e-07,0.0004349508050849,DN,0.609,26.0,0.39393181818181816,44,-0.21506818181818183,RNA_DOWN_METHYLATION_DOWN
Bmpr1a,2.3254183169211107,5.11792457087889e-07,0.0004427360545349,UP,0.2113636363636364,44.0,0.17856896551724136,58,-0.032794670846395035,RNA_UP_METHYLATION_DOWN
HNG_003201,1.2384723380144076,5.219302749154173e-07,0.0004427360545349,UP,0.982125,8.0,1.0,7,0.017874999999999974,RNA_UP_METHYLATION_UP
Gstm2,2.2699349124640507,5.450423688442482e-07,0.0004522903761635,UP,0.8409090909090909,22.0,0.9259444444444446,18,0.08503535353535363,RNA_UP_METHYLATION_UP
BC058988,0.7072172959944538,5.971859973187923e-07,0.0004835525663048,UP,0.7666999999999999,10.0,0.6095714285714285,7,-0.1571285714285714,RNA_UP_METHYLATION_DOWN
Osmr,2.9824115022996702,6.080510107573723e-07,0.0004835525663048,UP,0.3687906976744186,43.0,0.2625,40,-0.10629069767441857,RNA_UP_METHYLATION_DOWN
4931406C07Rik,0.4412294233651153,6.736175048493198e-07,0.0005247617835736,UP,0.18153846153846154,26.0,0.18364285714285716,28,0.002104395604395626,RNA_UP_METHYLATION_UP
Rasef,2.200431038605742,7.152143733404871e-07,0.000546023261183,UP,0.19622641509433963,53.0,0.3,25,0.10377358490566035,RNA_UP_METHYLATION_UP
Itgb3,1.3234320246756628,8.073540949407074e-07,0.0005814777455108,UP,0.3903076923076923,26.0,0.37668,25,-0.013627692307692285,RNA_UP_METHYLATION_DOWN
4930528F23Rik,1.1443442269783215,8.04242845535767e-07,0.0005814777455108,UP,0.4032258064516129,31.0,0.3125,40,-0.09072580645161288,RNA_UP_METHYLATION_DOWN
Rgs7bp,-2.696243742369644,7.957018422833777e-07,0.0005814777455108,DN,0.2539444444444444,18.0,0.3703888888888889,18,0.11644444444444446,RNA_DOWN_METHYLATION_UP
Gm9199,1.545483038783611,1.030946326402286e-06,0.0005944073082917,UP,0.9705,16.0,0.9743846153846154,13,0.0038846153846153753,RNA_UP_METHYLATION_UP
Mmp2,-1.364830401696477,1.0194538816323629e-06,0.0005944073082917,DN,0.6729473684210526,19.0,0.7464736842105263,19,0.07352631578947366,RNA_DOWN_METHYLATION_UP
C1rl,0.5672194714693877,1.0433115806232309e-06,0.0005944073082917,UP,0.8305416666666666,24.0,0.8155238095238098,21,-0.01501785714285686,RNA_UP_METHYLATION_DOWN
Ampd3,0.8195451083518703,9.19516994884189e-07,0.0005944073082917,UP,0.95,10.0,0.8958333333333334,12,-0.054166666666666585,RNA_UP_METHYLATION_DOWN
Zswim5,1.3780846896269514,8.960723966071504e-07,0.0005944073082917,UP,0.2285714285714286,28.0,0.042666666666666665,75,-0.18590476190476193,RNA_UP_METHYLATION_DOWN
HAG_036831,0.8043136297876465,1.0228929984886476e-06,0.0005944073082917,UP,0.15625,32.0,0.07112820512820513,39,-0.08512179487179487,RNA_UP_METHYLATION_DOWN
1810019J16Rik,1.472124122455845,1.007375924831445e-06,0.0005944073082917,UP,0.8095,14.0,0.8194444444444444,18,0.009944444444444422,RNA_UP_METHYLATION_UP
Muc1,1.8598493542678591,9.495273100597456e-07,0.0005944073082917,UP,0.050930555555555555,72.0,0.07851923076923077,52,0.027588675213675216,RNA_UP_METHYLATION_UP
Agtr1a,2.0447866062423934,1.004985747672825e-06,0.0005944073082917,UP,0.5416875,16.0,0.8409090909090909,11,0.29922159090909095,RNA_UP_METHYLATION_UP
Gm10384,-1.361025282348781,9.185180160609888e-07,0.0005944073082917,DN,0.8243846153846154,13.0,0.825,10,0.0006153846153845732,RNA_DOWN_METHYLATION_UP
Kcnk12,-1.3888061127834248,8.741482207417393e-07,0.0005944073082917,DN,0.0547945205479452,73.0,0.14612328767123287,73,0.09132876712328766,RNA_DOWN_METHYLATION_UP
Hoxb8,2.304165797085896,8.684250853991457e-07,0.0005944073082917,UP,0.17029032258064516,31.0,0.24424137931034484,29,0.07395105672969968,RNA_UP_METHYLATION_UP
Plscr2,2.6965375786748824,9.270455866828164e-07,0.0005944073082917,UP,0.53475,12.0,0.6498235294117647,17,0.11507352941176474,RNA_UP_METHYLATION_UP
5430427O19Rik,-0.8557279320245819,9.99086806898253e-07,0.0005944073082917,DN,0.625,12.0,0.9333,10,0.3083,RNA_DOWN_METHYLATION_UP
HNG_033743,-1.3441167406712309,1.0954628912114945e-06,0.0006149413159312,DN,,,0.3335,2,,insufficient_WGBS_data
Ccnb2,-0.4520912088954025,1.1389114159900682e-06,0.0006300656024807,DN,0.5333333333333333,15.0,0.20291304347826086,23,-0.33042028985507244,RNA_DOWN_METHYLATION_DOWN
Slc6a8,0.8603999741791766,1.1868171229905168e-06,0.000647188331697,UP,0.13333333333333333,15.0,0.2727272727272727,11,0.13939393939393938,RNA_UP_METHYLATION_UP
Plcl1,1.165863863616864,1.2131325564426057e-06,0.0006522210696412,UP,0.26108333333333333,36.0,0.17162264150943396,53,-0.08946069182389937,RNA_UP_METHYLATION_DOWN
2610034B18Rik,1.2756207950298668,1.28295317216781e-06,0.0006801790067776,UP,0.26980952380952383,21.0,0.2323125,32,-0.03749702380952383,RNA_UP_METHYLATION_DOWN
Rarb,1.313972370708484,1.3074631736498031e-06,0.0006836778666378,UP,0.20833333333333334,12.0,0.022222222222222223,45,-0.18611111111111112,RNA_UP_METHYLATION_DOWN
Vldlr,0.9492047313606662,1.3514532064753256e-06,0.0006971306999672,UP,0.5190571428571429,35.0,0.31623076923076926,39,-0.20282637362637362,RNA_UP_METHYLATION_DOWN
Jam2,1.619669686100864,1.3946760620105963e-06,0.0007098343285209,UP,0.2753478260869565,23.0,0.3,25,0.024652173913043474,RNA_UP_METHYLATION_UP
Adck3,0.6836209328290765,1.4500658663130405e-06,0.0007283146611697,UP,0.35714285714285715,35.0,0.51468,25,0.15753714285714288,RNA_UP_METHYLATION_UP
1200009I06Rik,1.8909863578202355,1.5208617207351905e-06,0.0007344686994976,UP,0.5092777777777777,18.0,0.501,21,-0.008277777777777717,RNA_UP_METHYLATION_DOWN
Ect2,-0.8285516958660422,1.5263335266296711e-06,0.0007344686994976,DN,0.6125,16.0,0.35354545454545455,33,-0.2589545454545455,RNA_DOWN_METHYLATION_DOWN
Wasf3,0.7811910918541962,1.5392826144768235e-06,0.0007344686994976,UP,0.7580645161290323,31.0,0.8762000000000001,35,0.11813548387096784,RNA_UP_METHYLATION_UP
Rbl1,-0.2761191945440968,1.5106679794610517e-06,0.0007344686994976,DN,0.28679245283018867,53.0,0.4525641025641025,39,0.16577164973391384,RNA_DOWN_METHYLATION_UP
Sfpi1,-0.4291365410486421,1.667170027561283e-06,0.0007611748497771,DN,0.3620555555555555,18.0,0.34759999999999996,15,-0.014455555555555555,RNA_DOWN_METHYLATION_DOWN
Lhfpl2,-0.572412176967763,1.6750153877523733e-06,0.0007611748497771,DN,0.4827586206896552,29.0,0.23785416666666667,48,-0.24490445402298852,RNA_DOWN_METHYLATION_DOWN
Sdpr,1.385304315857537,1.6484731885023804e-06,0.0007611748497771,UP,0.6363636363636364,11.0,0.48442857142857143,14,-0.15193506493506492,RNA_UP_METHYLATION_DOWN
H2afy,-0.3448677669593465,1.641542896129574e-06,0.0007611748497771,DN,0.9800000000000001,5.0,0.6388888888888888,18,-0.34111111111111125,RNA_DOWN_METHYLATION_DOWN
Nlrp10,-1.1482103327784063,1.797846314095589e-06,0.0007888205689845,DN,0.5926666666666667,9.0,0.7,10,0.10733333333333328,RNA_DOWN_METHYLATION_UP
HNG_029772,0.6438572997763732,1.7585238112752631e-06,0.0007888205689845,UP,0.6758888888888889,18.0,0.7691428571428572,21,0.09325396825396837,RNA_UP_METHYLATION_UP
Slc1a1,0.9667412835159044,1.791346098201743e-06,0.0007888205689845,UP,0.3456,35.0,0.39714285714285713,35,0.05154285714285711,RNA_UP_METHYLATION_UP
Selp,2.3732463941266975,1.8216691378036763e-06,0.0007901903900936,UP,0.7894736842105263,19.0,0.72,20,-0.06947368421052635,RNA_UP_METHYLATION_DOWN
Rragd,0.7022247862894697,1.909625957815521e-06,0.0008070079999991,UP,0.369,25.0,0.36188000000000003,25,-0.00711999999999996,RNA_UP_METHYLATION_DOWN
Hoxb9,1.664316896289181,1.8932914959667252e-06,0.0008070079999991,UP,0.10473809523809524,42.0,0.18858730158730158,63,0.08384920634920634,RNA_UP_METHYLATION_UP
D14Ertd668e,1.8153347030305864,1.92386377449248e-06,0.0008070079999991,UP,0.96096,25.0,0.9035599999999999,25,-0.05740000000000012,RNA_UP_METHYLATION_DOWN
HNG_018160,-0.8336999508484748,2.042174379980987e-06,0.0008473247873112,DN,0.8653846153846154,13.0,0.87925,12,0.013865384615384557,RNA_DOWN_METHYLATION_UP
Mcm3,-0.4407576576729592,2.111648404478659e-06,0.0008667294935027,DN,0.44445454545454544,33.0,0.6944583333333334,24,0.25000378787878796,RNA_DOWN_METHYLATION_UP
HAG_040210,-0.996631994286298,2.172722232938645e-06,0.000873022663955,DN,0.18428070175438596,57.0,0.3391212121212121,33,0.15484051036682614,RNA_DOWN_METHYLATION_UP
HNG_008959,-0.959987328077344,2.1576950793837624e-06,0.000873022663955,DN,0.5770357142857143,28.0,0.4711035714285714,28,-0.10593214285714292,RNA_DOWN_METHYLATION_DOWN
2310069B03Rik,1.1970975483059374,2.22255916579098e-06,0.0008837450882976,UP,0.8269230769230769,26.0,0.7116896551724138,29,-0.11523342175066309,RNA_UP_METHYLATION_DOWN
Pbx3,1.0705873994213748,2.3099754199692693e-06,0.000890670522536,UP,0.10698387096774194,62.0,0.07624719101123596,89,-0.030736679956505975,RNA_UP_METHYLATION_DOWN
Epcam,1.6499784784297895,2.288621913462786e-06,0.000890670522536,UP,0.7395625,16.0,0.8147777777777778,18,0.07521527777777781,RNA_UP_METHYLATION_UP
Kcna4,0.4154719924704854,2.304409882934696e-06,0.000890670522536,UP,0.6060909090909091,11.0,0.6309285714285714,14,0.02483766233766227,RNA_UP_METHYLATION_UP
St3gal5,-1.1868970313710676,2.377663177627877e-06,0.0009054278306616,DN,0.20810810810810812,37.0,0.1688888888888889,45,-0.039219219219219226,RNA_DOWN_METHYLATION_DOWN
Pde9a,1.2301435976459114,2.3956882242698764e-06,0.0009054278306616,UP,0.24074074074074073,27.0,0.22454545454545452,33,-0.016195286195286207,RNA_UP_METHYLATION_DOWN
Slc6a15,0.5555411218860806,2.675471963698827e-06,0.0009816472264342,UP,0.40154545454545454,11.0,0.47713333333333335,15,0.07558787878787881,RNA_UP_METHYLATION_UP
Myo6,0.7558656730659576,2.695690923171466e-06,0.0009816472264342,UP,0.07575757575757576,33.0,0.05494594594594594,37,-0.020811629811629817,RNA_UP_METHYLATION_DOWN
Ocln,1.3513258516144444,2.700224216063945e-06,0.0009816472264342,UP,0.2232830188679245,53.0,0.13679245283018868,53,-0.08649056603773583,RNA_UP_METHYLATION_DOWN
Uap1,-0.378207339354633,2.6333273146798143e-06,0.0009816472264342,DN,0.24803703703703703,27.0,0.23897058823529413,34,-0.009066448801742899,RNA_DOWN_METHYLATION_DOWN
AK080222,0.977327887189836,2.8066758810436063e-06,0.0009942108971647,UP,0.9076315789473685,19.0,0.8588235294117647,17,-0.048808049535603804,RNA_UP_METHYLATION_DOWN
2510009E07Rik,0.4375898689602762,2.794067004287515e-06,0.0009942108971647,UP,0.25842857142857145,35.0,0.10687301587301588,63,-0.15155555555555555,RNA_UP_METHYLATION_DOWN
Neo1,1.6158664140228671,2.812919859944149e-06,0.0009942108971647,UP,0.195,50.0,0.13105454545454545,55,-0.06394545454545456,RNA_UP_METHYLATION_DOWN
HNG_025689,0.5350965615887523,2.859596340032609e-06,0.0010014358852451,UP,0.9848181818181818,11.0,0.9907777777777778,9,0.0059595959595959425,RNA_UP_METHYLATION_UP
Sfrp1,1.5341287937418802,2.9374654858396814e-06,0.0010193539320497,UP,0.08515789473684211,38.0,0.05506521739130434,46,-0.03009267734553777,RNA_UP_METHYLATION_DOWN
Tmem215,2.1859921121328134,3.0186032586070837e-06,0.0010380731854734,UP,0.8955333333333333,15.0,0.9264736842105264,19,0.030940350877193157,RNA_UP_METHYLATION_UP
Rassf10,1.6872728042942349,3.0552423239756785e-06,0.0010412920534892,UP,0.6054117647058823,17.0,0.4012222222222222,27,-0.2041895424836601,RNA_UP_METHYLATION_DOWN
Cdc25a,-0.5318306173663094,3.0957735742242957e-06,0.0010457687511087,DN,0.42260714285714285,28.0,0.37363599999999997,25,-0.04897114285714288,RNA_DOWN_METHYLATION_DOWN
HAG_034696,0.4832171219560255,3.1869975809505707e-06,0.0010662876433468,UP,0.94375,16.0,0.7,5,-0.24375000000000002,RNA_UP_METHYLATION_DOWN
Steap3,-0.8822755781256095,3.212382871866397e-06,0.0010662876433468,DN,0.9266923076923077,13.0,1.0,13,0.0733076923076923,RNA_DOWN_METHYLATION_UP
Fam63a,0.6169179267872531,3.3229753720806924e-06,0.0010934880681298,UP,0.06608620689655173,58.0,0.006166666666666667,54,-0.05991954022988506,RNA_UP_METHYLATION_DOWN
"Snrpn,Snurf",0.8998863498766005,3.3882904264594434e-06,0.0011054514714428,UP,0.8155,6.0,0.9166666666666666,6,0.10116666666666663,RNA_UP_METHYLATION_UP
Cxxc4,0.9208484893497804,3.4702772914103895e-06,0.0011131716367035,UP,0.10856756756756755,37.0,0.14584999999999998,40,0.03728243243243243,RNA_UP_METHYLATION_UP
B3gnt3,0.8922661218768018,3.4654254842448256e-06,0.0011131716367035,UP,0.4056,20.0,0.367515,20,-0.038085000000000035,RNA_UP_METHYLATION_DOWN
Npnt,0.7512961833458727,3.5079530692543606e-06,0.0011158798713298,UP,0.2853636363636364,33.0,0.39856521739130435,23,0.11320158102766797,RNA_UP_METHYLATION_UP
Parvb,-0.9485023476787422,3.582244663173104e-06,0.0011164036291243,DN,0.1388888888888889,18.0,0.08064516129032258,31,-0.05824372759856632,RNA_DOWN_METHYLATION_DOWN
C530028O21Rik,1.6006594340043316,3.5973395782850025e-06,0.0011164036291243,UP,0.6124411764705883,34.0,0.49555555555555547,45,-0.1168856209150328,RNA_UP_METHYLATION_DOWN
3632451O06Rik,1.0671650239367367,3.5650505077552215e-06,0.0011164036291243,UP,0.4659090909090909,22.0,0.5396666666666666,21,0.07375757575757574,RNA_UP_METHYLATION_UP
HNG_016032,1.8163533357250232,3.982077825314168e-06,0.0012258376995797,UP,0.8194444444444444,9.0,0.775,10,-0.0444444444444444,RNA_UP_METHYLATION_DOWN
Wwtr1,1.7784341320653656,4.165936521603408e-06,0.0012521427472649,UP,0.06127027027027028,37.0,0.09090909090909091,44,0.02963882063882063,RNA_UP_METHYLATION_UP
Rrm2,-0.5201636802780394,4.147102704240037e-06,0.0012521427472649,DN,0.08764814814814816,54.0,0.08333333333333333,69,-0.004314814814814827,RNA_DOWN_METHYLATION_DOWN
Slc22a3,-0.8810632712017483,4.127366252536862e-06,0.0012521427472649,DN,0.6689600000000001,25.0,0.841,29,0.17203999999999986,RNA_DOWN_METHYLATION_UP
Cldn5,3.095104575595821,4.234783521185088e-06,0.0012628918482084,UP,0.708344827586207,29.0,0.8556785714285714,28,0.14733374384236442,RNA_UP_METHYLATION_UP
Carhsp1,-0.4745826783697291,4.382208140547747e-06,0.0012967259623332,DN,0.3649473684210526,19.0,0.22251515151515153,33,-0.14243221690590105,RNA_DOWN_METHYLATION_DOWN
Fut1,0.6058880198446737,4.470678162924724e-06,0.0013127286679627,UP,0.5661612903225807,31.0,0.5277999999999999,30,-0.03836129032258073,RNA_UP_METHYLATION_DOWN
Lancl3,0.8737508577298749,4.551735044594451e-06,0.0013263269474981,UP,0.4,10.0,0.045454545454545456,22,-0.35454545454545455,RNA_UP_METHYLATION_DOWN
Kcnn2,0.3992115463638327,4.641332853125169e-06,0.0013421890732537,UP,0.0,56.0,0.012195121951219513,82,0.012195121951219513,RNA_UP_METHYLATION_UP
Smoc1,0.568520906600892,4.786359527944765e-06,0.0013737211721857,UP,0.6843333333333332,33.0,0.8202121212121212,33,0.13587878787878793,RNA_UP_METHYLATION_UP
Rorb,2.7946102524108634,4.9059607426478856e-06,0.0013803657304086,UP,0.1846756756756757,37.0,0.12627272727272726,33,-0.058402948402948435,RNA_UP_METHYLATION_DOWN
C1qc,-0.8277073768658445,4.940744032829455e-06,0.0013803657304086,DN,0.39333333333333337,15.0,0.5,12,0.10666666666666663,RNA_DOWN_METHYLATION_UP
Cd5l,-1.0869688308393004,5.050527340210466e-06,0.0013803657304086,DN,0.8611111111111112,9.0,1.0,15,0.13888888888888884,RNA_DOWN_METHYLATION_UP
Prkd1,1.057020494804473,5.062642833941568e-06,0.0013803657304086,UP,0.7571,10.0,0.6361666666666667,12,-0.12093333333333334,RNA_UP_METHYLATION_DOWN
Ccdc92,1.3879822876848558,4.965270786454916e-06,0.0013803657304086,UP,0.10190804597701149,87.0,0.09090909090909091,77,-0.010998955067920577,RNA_UP_METHYLATION_DOWN
Rcvrn,1.8793481617469805,5.000840917691558e-06,0.0013803657304086,UP,1.0,12.0,0.8718461538461538,13,-0.12815384615384617,RNA_UP_METHYLATION_DOWN
Tmem132b,1.5344120198860982,4.901507948265631e-06,0.0013803657304086,UP,0.27906976744186046,43.0,0.27102,50,-0.008049767441860478,RNA_UP_METHYLATION_DOWN
Eid2,0.5651406619209824,5.150771605545666e-06,0.0013944344235949,UP,0.9,20.0,0.4254565217391304,46,-0.4745434782608696,RNA_UP_METHYLATION_DOWN
Socs2,-1.3246156730633158,5.256103579354763e-06,0.001412929477684,DN,0.20833333333333334,36.0,0.09506818181818182,44,-0.11326515151515153,RNA_DOWN_METHYLATION_DOWN
C7,1.2227959720352823,5.384936442023628e-06,0.0014274569018397,UP,0.9722222222222222,9.0,0.7576363636363636,11,-0.21458585858585866,RNA_UP_METHYLATION_DOWN
Sec14l1,0.5774077618252473,5.352456014663664e-06,0.0014274569018397,UP,0.23113207547169812,53.0,0.2245098039215686,51,-0.00662227155012951,RNA_UP_METHYLATION_DOWN
Gm106,3.4561796946368912,5.447727809750058e-06,0.0014341425238191,UP,0.26665714285714287,35.0,0.2125,40,-0.054157142857142876,RNA_UP_METHYLATION_DOWN
HAG_008121,1.1022039724533397,5.663645015551213e-06,0.0014663301678779,UP,0.7727272727272727,22.0,0.6964285714285714,14,-0.07629870129870131,RNA_UP_METHYLATION_DOWN
"Mir702,Plod3",0.2142188781106737,5.685236949751965e-06,0.0014663301678779,UP,0.5857142857142857,35.0,0.35760416666666667,48,-0.22811011904761908,RNA_UP_METHYLATION_DOWN
Dusp18,0.5382864860835239,5.684846946546175e-06,0.0014663301678779,UP,0.32924489795918366,49.0,0.315,40,-0.014244897959183656,RNA_UP_METHYLATION_DOWN
Hnf4a,-1.4473229280987203,5.955532968897963e-06,0.0015189134537788,DN,0.9073888888888888,18.0,0.9916499999999999,20,0.08426111111111112,RNA_DOWN_METHYLATION_UP
Samsn1,0.3669711301961236,5.968694804223843e-06,0.0015189134537788,UP,0.6190714285714286,14.0,0.7708125,16,0.1517410714285714,RNA_UP_METHYLATION_UP
Shisa7,1.8296508708155512,6.044456292744597e-06,0.0015280065271963,UP,0.49008108108108117,37.0,0.5528064516129032,31,0.06272537053182203,RNA_UP_METHYLATION_UP
4732418C07Rik,0.3143734535536246,6.0978682027622536e-06,0.0015313672699726,UP,0.4087222222222222,18.0,0.2661764705882353,34,-0.14254575163398692,RNA_UP_METHYLATION_DOWN
Ccdc160,0.7861896012268242,6.29314497927015e-06,0.0015700779748281,UP,0.8083500000000001,20.0,0.453695652173913,23,-0.3546543478260871,RNA_UP_METHYLATION_DOWN
Tmtc2,0.5660413955918218,6.491039084689961e-06,0.0016089347009141,UP,0.12628846153846154,52.0,0.14286363636363636,44,0.016575174825174815,RNA_UP_METHYLATION_UP
Vps37b,-0.3886738054353049,6.669214618537875e-06,0.0016318484580719,DN,0.385,20.0,0.3467741935483871,31,-0.03822580645161289,RNA_DOWN_METHYLATION_DOWN
Chrm3,2.2700606153670577,6.711731319220708e-06,0.0016318484580719,UP,0.18228125,32.0,0.10556666666666666,30,-0.07671458333333335,RNA_UP_METHYLATION_DOWN
Nrarp,0.3850236666163074,6.665802539092597e-06,0.0016318484580719,UP,0.4211621621621622,37.0,0.44821568627450986,51,0.027053524112347682,RNA_UP_METHYLATION_UP
Zfp367,-0.3307917176588324,6.886885195419147e-06,0.0016638365929084,DN,0.12497619047619049,42.0,0.15,30,0.025023809523809504,RNA_DOWN_METHYLATION_UP
Chek1,-0.4258935373516106,6.978522477424749e-06,0.0016753720755236,DN,0.19999999999999998,34.0,0.12917499999999998,40,-0.070825,RNA_DOWN_METHYLATION_DOWN
Unc119,-0.1503550888866209,7.065659515012765e-06,0.0016856897187941,DN,0.7684166666666666,24.0,0.6459545454545453,44,-0.1224621212121213,RNA_DOWN_METHYLATION_DOWN
Cpm,0.7789984105506216,7.435601877320027e-06,0.0017412993549758,UP,0.27522222222222226,36.0,0.1913265306122449,49,-0.08389569160997737,RNA_UP_METHYLATION_DOWN
Cpeb1,0.8370900912069792,7.427747272451174e-06,0.0017412993549758,UP,0.17041935483870965,31.0,0.1122878787878788,66,-0.058131476050830855,RNA_UP_METHYLATION_DOWN
Smagp,0.8854801215407706,7.355679894490723e-06,0.0017412993549758,UP,0.27688235294117647,17.0,0.24811111111111112,27,-0.028771241830065353,RNA_UP_METHYLATION_DOWN
Mmp14,0.8575204969973411,7.517495237877919e-06,0.0017497428550016,UP,0.5268124999999999,32.0,0.28840625,32,-0.23840624999999993,RNA_UP_METHYLATION_DOWN
Eya4,1.9557072363590589,8.009368412386255e-06,0.0018307401858539,UP,0.30341025641025643,39.0,0.1360612244897959,49,-0.16734903192046052,RNA_UP_METHYLATION_DOWN
Emp2,1.568081748569481,7.972111609430337e-06,0.0018307401858539,UP,0.2375,10.0,0.41333333333333333,15,0.17583333333333334,RNA_UP_METHYLATION_UP
HAG_017916,1.48995948764217,7.965736732263414e-06,0.0018307401858539,UP,0.8666666666666667,9.0,0.8125,8,-0.054166666666666696,RNA_UP_METHYLATION_DOWN
Casp12,0.945244284511836,8.184361806568934e-06,0.0018596039219068,UP,0.6430833333333333,12.0,0.45515384615384613,13,-0.1879294871794872,RNA_UP_METHYLATION_DOWN
Tox,0.832233441293396,8.30533466517013e-06,0.0018759244665022,UP,0.07456140350877193,57.0,0.15407547169811323,53,0.0795140681893413,RNA_UP_METHYLATION_UP
Maf,1.1261034258026812,8.729598125349532e-06,0.0019601542331814,UP,0.007462686567164179,67.0,0.0,106,-0.007462686567164179,RNA_UP_METHYLATION_DOWN
Cenpa,-0.4769703830940255,8.835225336237079e-06,0.0019653242232685,DN,0.4952333333333333,30.0,0.39821428571428574,28,-0.09701904761904756,RNA_DOWN_METHYLATION_DOWN
HND_003847,0.9899525168914254,8.855594844445748e-06,0.0019653242232685,UP,1.0,5.0,0.8571428571428571,7,-0.1428571428571429,RNA_UP_METHYLATION_DOWN
Tmem117,1.7109500866159792,9.033164982483478e-06,0.0019703655640649,UP,0.38581481481481483,27.0,0.4230769230769231,26,0.03726210826210824,RNA_UP_METHYLATION_UP
Anxa6,-1.16087270872631,9.012157619338864e-06,0.0019703655640649,DN,0.4153928571428572,28.0,0.6255185185185185,27,0.2101256613756613,RNA_DOWN_METHYLATION_UP
HAG_011341,0.9866300764406531,8.993498678316797e-06,0.0019703655640649,UP,0.9857142857142858,14.0,0.8333333333333334,12,-0.1523809523809524,RNA_UP_METHYLATION_DOWN
Ust,-0.445929801474023,9.092583498609062e-06,0.0019720573710733,DN,0.2,40.0,0.32776666666666665,30,0.12776666666666664,RNA_DOWN_METHYLATION_UP
"C530008M17Rik,Gm10430",0.5125669261849874,9.180736102951973e-06,0.0019769494282478,UP,0.9083500000000001,20.0,0.9295000000000001,26,0.021150000000000002,RNA_UP_METHYLATION_UP
Cited4,0.8250656394862239,9.24656386586166e-06,0.0019769494282478,UP,0.32,15.0,0.16205555555555554,18,-0.15794444444444447,RNA_UP_METHYLATION_DOWN
Exoc6b,0.934872268376732,9.27051104622147e-06,0.0019769494282478,UP,0.33335714285714285,14.0,0.07692307692307693,13,-0.2564340659340659,RNA_UP_METHYLATION_DOWN
Hk2,0.5585896509203971,9.614394919208046e-06,0.0020388926825333,UP,0.65,20.0,0.3387317073170732,41,-0.31126829268292683,RNA_UP_METHYLATION_DOWN
E2f5,0.476174082244567,9.895626886495362e-06,0.0020869385055872,UP,0.25120588235294117,34.0,0.45,10,0.19879411764705884,RNA_UP_METHYLATION_UP
1600012H06Rik,0.2075075463149618,1.0012396343009395e-05,0.0020999626000294,UP,0.3266666666666667,30.0,0.45588235294117646,34,0.12921568627450974,RNA_UP_METHYLATION_UP
Elk3,-0.1947530044680743,1.0125408613716888e-05,0.0021120606426382,DN,0.44565217391304346,23.0,0.5317142857142857,21,0.08606211180124224,RNA_DOWN_METHYLATION_UP
Zfp648,0.4347665602601324,1.0279186936346491e-05,0.0021324843681207,UP,0.6636363636363636,11.0,0.6883636363636363,11,0.02472727272727271,RNA_UP_METHYLATION_UP
Efemp2,1.402634473935085,1.0433316344401485e-05,0.0021527597378296,UP,0.2857142857142857,21.0,0.36886046511627907,43,0.08314617940199337,RNA_UP_METHYLATION_UP
Lsp1,-0.4889888594806466,1.0883764700738367e-05,0.0022216848457571,DN,0.9230769230769231,13.0,0.925,10,0.0019230769230769162,RNA_DOWN_METHYLATION_UP
Sec24d,-0.6010248351062746,1.085654651215041e-05,0.0022216848457571,DN,0.28,25.0,0.40175,8,0.12174999999999997,RNA_DOWN_METHYLATION_UP
C130026I21Rik,1.3455624565338022,1.1173725351147906e-05,0.0022466282965225,UP,0.8960434782608695,23.0,0.807,27,-0.08904347826086945,RNA_UP_METHYLATION_DOWN
HAG_028064,0.7669519803513003,1.1241381238494292e-05,0.0022466282965225,UP,0.7945,2.0,1.0,2,0.20550000000000002,RNA_UP_METHYLATION_UP
HAG_039773,1.5377807033451392,1.1214379986539251e-05,0.0022466282965225,UP,0.9368421052631579,19.0,0.7941176470588235,17,-0.14272445820433444,RNA_UP_METHYLATION_DOWN
Fads3,1.1825296692181508,1.1219345647040495e-05,0.0022466282965225,UP,0.34896875,32.0,0.229969696969697,33,-0.118999053030303,RNA_UP_METHYLATION_DOWN
Abca5,0.4525891975970264,1.1372654089836765e-05,0.0022610257912356,UP,0.25,12.0,0.4342105263157895,19,0.1842105263157895,RNA_UP_METHYLATION_UP
Spc25,-0.3852978687251243,1.1560357586334473e-05,0.0022864350766091,DN,0.3076923076923077,13.0,0.3456666666666667,27,0.03797435897435897,RNA_DOWN_METHYLATION_UP
Nup205,-0.2129288345971014,1.1771579354513224e-05,0.0023023678348231,DN,0.33783783783783783,37.0,0.4390689655172414,29,0.10123112767940357,RNA_DOWN_METHYLATION_UP
Pde2a,0.5245644291544354,1.182186145932442e-05,0.0023023678348231,UP,0.5948421052631578,19.0,0.6529588235294117,17,0.058116718266253864,RNA_UP_METHYLATION_UP
Selplg,-0.3354568265360296,1.1706526416025958e-05,0.0023023678348231,DN,0.6910625,16.0,0.8465,16,0.1554375,RNA_DOWN_METHYLATION_UP
Slc28a2,-0.81813623797927,1.214880864177052e-05,0.0023448607618195,DN,1.0,6.0,0.75,4,-0.25,RNA_DOWN_METHYLATION_DOWN
Lsr,1.4726022507842136,1.216290555486428e-05,0.0023448607618195,UP,0.33088235294117646,34.0,0.3562,35,0.025317647058823556,RNA_UP_METHYLATION_UP
6430527G18Rik,1.0830649488274269,1.2729497236117846e-05,0.0024365043319909,UP,0.2879310344827586,29.0,0.3088235294117647,34,0.020892494929006133,RNA_UP_METHYLATION_UP
HNG_009385,-0.7189030473872372,1.282847711832192e-05,0.0024365043319909,DN,0.15049253731343284,67.0,0.2717058823529412,51,0.12121334503950834,RNA_DOWN_METHYLATION_UP
Rhag,-1.1217187004479785,1.2829754027302004e-05,0.0024365043319909,DN,0.9334,5.0,1.0,6,0.06659999999999999,RNA_DOWN_METHYLATION_UP
Otub2,0.4201211984439412,1.3035319153671511e-05,0.0024373590061829,UP,0.89585,20.0,0.8333333333333334,12,-0.06251666666666666,RNA_UP_METHYLATION_DOWN
Ezh1,0.6281257859820188,1.3033152411391318e-05,0.0024373590061829,UP,0.42744117647058827,34.0,0.4897435897435898,39,0.06230241327300151,RNA_UP_METHYLATION_UP
Rab40b,0.9805639110132676,1.3089662482120754e-05,0.0024373590061829,UP,0.45289999999999997,20.0,0.567888888888889,18,0.11498888888888903,RNA_UP_METHYLATION_UP
Bcl3,0.8611359862473513,1.3038602618611688e-05,0.0024373590061829,UP,0.2727272727272727,22.0,0.15051612903225808,31,-0.12221114369501462,RNA_UP_METHYLATION_DOWN
Snx31,-0.4848406321290874,1.334981645051987e-05,0.0024617835437161,DN,0.975,10.0,0.6770625,16,-0.29793749999999997,RNA_DOWN_METHYLATION_DOWN
Ramp2,2.6707595304509875,1.3293522836267385e-05,0.0024617835437161,UP,0.3698421052631579,19.0,0.2425357142857143,28,-0.12730639097744362,RNA_UP_METHYLATION_DOWN
Tc2n,2.174843172237965,1.345766972186932e-05,0.0024670330045635,UP,0.3333333333333333,9.0,0.2,30,-0.1333333333333333,RNA_UP_METHYLATION_DOWN
BC067074,0.5904028326972743,1.350754212390685e-05,0.0024670330045635,UP,0.8888888888888888,18.0,0.9692857142857143,21,0.08039682539682547,RNA_UP_METHYLATION_UP
Ccna2,-0.4242954525169269,1.3782651765318836e-05,0.0024934188776575,DN,0.3042,45.0,0.6148571428571429,28,0.31065714285714285,RNA_DOWN_METHYLATION_UP
Sntg2,0.8948939826300827,1.3751297043822012e-05,0.0024934188776575,UP,0.7481666666666666,18.0,0.41668421052631577,19,-0.3314824561403509,RNA_UP_METHYLATION_DOWN
Pgr,1.626255468069676,1.3913823027710082e-05,0.0025052757198761,UP,0.6352941176470589,17.0,0.6389047619047619,21,0.0036106442577029663,RNA_UP_METHYLATION_UP
Synpo2,-1.7041571638853772,1.4315964014372934e-05,0.0025553607812481,DN,0.8076923076923077,13.0,0.40748275862068967,29,-0.40020954907161804,RNA_DOWN_METHYLATION_DOWN
Msh6,-0.2072484503019307,1.4325872555462207e-05,0.0025553607812481,DN,0.3523953488372093,43.0,0.31564444444444445,45,-0.03675090439276485,RNA_DOWN_METHYLATION_DOWN
B3galt1,1.0496658427223724,1.4637913017287112e-05,0.0025988763520738,UP,0.9090909090909091,11.0,0.946375,8,0.037284090909090906,RNA_UP_METHYLATION_UP
Gins1,-0.451383414133057,1.4765162832966518e-05,0.0026093323873148,DN,0.46489473684210525,19.0,0.5357142857142857,14,0.07081954887218045,RNA_DOWN_METHYLATION_UP
Il6st,0.3746478326718696,1.4973544438001982e-05,0.0026339637709097,UP,0.3760769230769231,39.0,0.4099655172413793,29,0.03388859416445622,RNA_UP_METHYLATION_UP
HNG_002132,1.4274058925830242,1.526084721377492e-05,0.0026721883479092,UP,0.8888666666666667,15.0,0.9666666666666667,15,0.07779999999999998,RNA_UP_METHYLATION_UP
Col18a1,1.4264254320475498,1.5490931285825995e-05,0.0027000905435732,UP,0.69,25.0,0.7428571428571429,28,0.052857142857142936,RNA_UP_METHYLATION_UP
Mc5r,-1.1413883407289185,1.5980024296671953e-05,0.0027353788675002,DN,0.3777307692307692,26.0,0.2733,20,-0.10443076923076922,RNA_DOWN_METHYLATION_DOWN
Fgf12,0.9327072037777474,1.5957312327987085e-05,0.0027353788675002,UP,0.2777857142857143,42.0,0.26973684210526316,38,-0.008048872180451139,RNA_UP_METHYLATION_DOWN
Fam54b,0.263905045783221,1.5848826961605752e-05,0.0027353788675002,UP,0.28205128205128205,39.0,0.43700000000000006,41,0.154948717948718,RNA_UP_METHYLATION_UP
Mcf2,-0.5208667380922631,1.5938488901451254e-05,0.0027353788675002,DN,0.8,5.0,0.75,8,-0.050000000000000044,RNA_DOWN_METHYLATION_DOWN
Zg16,2.419253666271659,1.651023151313007e-05,0.0028010158103075,UP,0.8367142857142857,7.0,0.7592222222222222,9,-0.0774920634920635,RNA_UP_METHYLATION_DOWN
AA986860,0.8058984716509405,1.6447849206319854e-05,0.0028010158103075,UP,0.9148333333333333,18.0,0.9411764705882353,17,0.026343137254902005,RNA_UP_METHYLATION_UP
Mlec,-0.4231641574752007,1.6684874147747204e-05,0.0028057049161577,DN,0.5507599999999999,25.0,0.29761428571428566,70,-0.25314571428571425,RNA_DOWN_METHYLATION_DOWN
Necap2,-0.36637999194149,1.666725497460683e-05,0.0028057049161577,DN,0.9117647058823529,34.0,0.5576486486486486,37,-0.3541160572337043,RNA_DOWN_METHYLATION_DOWN
Mthfd1l,-0.3500365017953113,1.6811218392378033e-05,0.0028145518792712,DN,0.5892857142857143,28.0,0.6952121212121212,33,0.10592640692640687,RNA_DOWN_METHYLATION_UP
HNG_043800,0.3792414641712789,1.715093872510762e-05,0.0028548050797652,UP,0.9285714285714286,7.0,1.0,9,0.0714285714285714,RNA_UP_METHYLATION_UP
Pfkp,0.5353780959169763,1.7201225200303955e-05,0.0028548050797652,UP,0.2381,30.0,0.15092,25,-0.08718000000000001,RNA_UP_METHYLATION_DOWN
Spint1,2.3265951207283546,1.7289526973648075e-05,0.0028570381975675,UP,0.5149677419354839,31.0,0.5903611111111111,36,0.07539336917562722,RNA_UP_METHYLATION_UP
Rnf24,0.2700725403700543,1.7589385046283365e-05,0.002872780218356,UP,0.16666666666666666,18.0,0.18312,25,0.016453333333333348,RNA_UP_METHYLATION_UP
Gadd45g,1.1720076358698155,1.7582312593162162e-05,0.002872780218356,UP,0.008064516129032258,31.0,0.040266666666666666,30,0.03220215053763441,RNA_UP_METHYLATION_UP
Rfc2,-0.5730527976551016,1.7610567198347615e-05,0.002872780218356,DN,0.5555555555555556,9.0,0.5701578947368421,19,0.014602339181286506,RNA_DOWN_METHYLATION_UP
Tulp3,0.4263497119406088,1.8124876525731803e-05,0.0029438051501235,UP,0.5560975609756098,41.0,0.7175675675675676,37,0.16147000659195776,RNA_UP_METHYLATION_UP
Phactr1,1.2737907921404623,1.8200199503016536e-05,0.0029438051501235,UP,0.78475,12.0,0.8639166666666668,12,0.07916666666666683,RNA_UP_METHYLATION_UP
9330182L06Rik,0.5547661091483733,1.8523961351271147e-05,0.0029585634004214,UP,0.5625,16.0,0.37682608695652176,23,-0.18567391304347824,RNA_UP_METHYLATION_DOWN
Mmp15,-0.5850200572072906,1.843382710555051e-05,0.0029585634004214,DN,0.19847058823529412,51.0,0.2657555555555555,45,0.0672849673202614,RNA_DOWN_METHYLATION_UP
Lrrn1,1.3476503546681704,1.8502508458971257e-05,0.0029585634004214,UP,0.7280526315789474,19.0,0.6478260869565218,23,-0.08022654462242562,RNA_UP_METHYLATION_DOWN
Pqlc2,0.27949228452397,1.8795322532928024e-05,0.0029893960488622,UP,0.20001818181818184,55.0,0.1530142857142857,70,-0.04700389610389613,RNA_UP_METHYLATION_DOWN
Hmox1,-0.8447604156469275,1.897924148855555e-05,0.0030061228468927,DN,0.2222222222222222,18.0,0.3,20,0.07777777777777778,RNA_DOWN_METHYLATION_UP
Dyrk3,0.4298845411093372,1.943195634265909e-05,0.0030651100723635,UP,0.19042553191489361,47.0,0.30668,25,0.1162544680851064,RNA_UP_METHYLATION_UP
Fbxo2,1.0259715791104171,2.00136664568936e-05,0.0031318701604534,UP,0.057692307692307696,52.0,0.15789473684210525,57,0.10020242914979756,RNA_UP_METHYLATION_UP
Tmem30b,1.2255297956348252,2.0019289509343293e-05,0.0031318701604534,UP,0.67,25.0,0.6753333333333333,36,0.005333333333333301,RNA_UP_METHYLATION_UP
HAG_037020,0.642477129576418,2.013523069604072e-05,0.0031371511270582,UP,0.875,8.0,0.9,10,0.025000000000000022,RNA_UP_METHYLATION_UP
Arhgap29,0.90425565642692,2.0282613778742204e-05,0.0031472680209843,UP,0.47058823529411764,34.0,0.35373469387755097,49,-0.11685354141656668,RNA_UP_METHYLATION_DOWN
Slco2a1,1.1270880081592185,2.0676784295604735e-05,0.0031954421462826,UP,0.409375,32.0,0.36286486486486486,37,-0.04651013513513513,RNA_UP_METHYLATION_DOWN
Eda2r,0.7469319579510723,2.1549074717385805e-05,0.0033168196778711,UP,0.25,6.0,0.42857142857142855,7,0.17857142857142855,RNA_UP_METHYLATION_UP
Fetub,1.7901538518071811,2.1750215887361255e-05,0.0033343343006118,UP,0.9375,16.0,0.9801666666666667,24,0.04266666666666674,RNA_UP_METHYLATION_UP
Itga2,-0.8269043639481217,2.1986534853669772e-05,0.0033570800337371,DN,0.8021111111111111,27.0,0.7089999999999999,26,-0.09311111111111126,RNA_DOWN_METHYLATION_DOWN
Ptprf,-0.5717313726246611,2.2393723061212694e-05,0.0034056302657076,DN,0.39165625000000004,32.0,0.5872857142857143,21,0.19562946428571426,RNA_DOWN_METHYLATION_UP
Atp9a,0.7472816970890945,2.2903188902725443e-05,0.0034623401152002,UP,0.6458125,16.0,0.16666666666666666,45,-0.4791458333333334,RNA_UP_METHYLATION_DOWN
AK035520,1.2020996291319772,2.2948026017648388e-05,0.0034623401152002,UP,0.11727222222222222,18.0,0.04736842105263158,19,-0.06990380116959063,RNA_UP_METHYLATION_DOWN
Ttc23,0.8801108035827516,2.385228431906748e-05,0.0035846039253048,UP,0.030710526315789476,38.0,0.12962962962962962,27,0.09891910331384014,RNA_UP_METHYLATION_UP
C4b,2.2640133219745997,2.421628127013732e-05,0.0036250348574262,UP,0.9773333333333334,21.0,0.9263157894736843,19,-0.05101754385964907,RNA_UP_METHYLATION_DOWN
Ptgfrn,1.6951291202851675,2.484707042826335e-05,0.0037049311421393,UP,0.4374146341463414,41.0,0.2138888888888889,72,-0.2235257452574525,RNA_UP_METHYLATION_DOWN
Cblb,-0.176944702858476,2.5198547472778353e-05,0.0037427196658789,DN,0.3491904761904762,21.0,0.2111,30,-0.1380904761904762,RNA_DOWN_METHYLATION_DOWN
Snx20,-1.0091955411962772,2.5455245491457016e-05,0.003766192367829,DN,0.617578947368421,19.0,0.749,20,0.131421052631579,RNA_DOWN_METHYLATION_UP
Gimap6,-0.2618197345387862,2.5726120693543793e-05,0.0037915732784322,DN,0.322875,8.0,0.333375,8,0.010499999999999954,RNA_DOWN_METHYLATION_UP
HNG_001028,-0.3999470112315103,2.62467710532832e-05,0.0038386656882985,DN,0.8333333333333334,6.0,1.0,4,0.16666666666666663,RNA_DOWN_METHYLATION_UP
Nrg4,1.0904074254930198,2.6184152121547437e-05,0.0038386656882985,UP,0.04404761904761905,42.0,0.125,23,0.08095238095238094,RNA_UP_METHYLATION_UP
Klhdc8a,1.267482341123457,2.6446825001408647e-05,0.003853161083793,UP,0.4464,20.0,0.485,20,0.03859999999999997,RNA_UP_METHYLATION_UP
Mcm7,-0.4672040846485341,2.6941165130760193e-05,0.0038628235631902,DN,0.4404642857142857,28.0,0.40625,40,-0.0342142857142857,RNA_DOWN_METHYLATION_DOWN
Dffb,-0.2489876917574713,2.7077355872240105e-05,0.0038628235631902,DN,0.45625,32.0,0.2840909090909091,44,-0.17215909090909087,RNA_DOWN_METHYLATION_DOWN
Ncf2,-0.4126351939349213,2.6710760251538993e-05,0.0038628235631902,DN,0.7941176470588235,17.0,0.8088235294117647,17,0.014705882352941235,RNA_DOWN_METHYLATION_UP
Fam84b,0.7074998044472043,2.7089459672205943e-05,0.0038628235631902,UP,0.3125,8.0,0.553625,8,0.24112500000000003,RNA_UP_METHYLATION_UP
Ranbp1,-0.2448135427460656,2.7120316329639008e-05,0.0038628235631902,DN,0.1140952380952381,42.0,0.10544897959183673,49,-0.008646258503401366,RNA_DOWN_METHYLATION_DOWN
Nmral1,-0.3542865028770006,2.7065103166007752e-05,0.0038628235631902,DN,0.5822666666666667,15.0,0.42857142857142855,21,-0.15369523809523816,RNA_DOWN_METHYLATION_DOWN
Il15,-0.7614738160255103,2.740432525745085e-05,0.0038887654413658,DN,0.25,20.0,0.26283999999999996,25,0.012839999999999963,RNA_DOWN_METHYLATION_UP
HAG_024325,0.8363267004584554,2.7656665808460083e-05,0.0039100379527427,UP,0.24242424242424243,33.0,0.33334615384615385,26,0.09092191142191142,RNA_UP_METHYLATION_UP
Cxadr,0.9654601717069968,2.777995114905578e-05,0.0039129752592684,UP,0.49325,20.0,0.4077096774193548,31,-0.0855403225806452,RNA_UP_METHYLATION_DOWN
Chrna7,1.2363156058831395,2.850978574695492e-05,0.004001013020341,UP,0.43076923076923074,13.0,0.42123076923076924,13,-0.009538461538461496,RNA_UP_METHYLATION_DOWN
Abca4,1.4623004865881315,2.8803295195275855e-05,0.0040273970116998,UP,0.44834146341463416,41.0,0.4764545454545454,33,0.028113082039911252,RNA_UP_METHYLATION_UP
Mcm4,-0.3863584518588485,2.9211928646297215e-05,0.0040696267893666,DN,0.15319148936170213,47.0,0.12727272727272726,55,-0.025918762088974867,RNA_DOWN_METHYLATION_DOWN
Nacc2,0.5758378513200082,2.9463428620041663e-05,0.0040897381719426,UP,0.2918387096774194,31.0,0.5833214285714285,28,0.2914827188940092,RNA_UP_METHYLATION_UP
Gpr4,1.026539217028871,2.999287764935451e-05,0.0041331701286323,UP,0.414,19.0,0.485,20,0.07100000000000001,RNA_UP_METHYLATION_UP
Trim27,-0.1915301374780949,2.99557876660513e-05,0.0041331701286323,DN,0.3323170731707317,41.0,0.3458333333333333,36,0.013516260162601601,RNA_DOWN_METHYLATION_UP
Arhgap6,0.465500053978289,3.013295228673726e-05,0.0041375361679472,UP,0.3333333333333333,9.0,0.35553333333333337,15,0.022200000000000053,RNA_UP_METHYLATION_UP
Trim47,1.0987917682986046,3.097592252525441e-05,0.0042343188650042,UP,0.48959375,32.0,0.58853125,32,0.09893749999999996,RNA_UP_METHYLATION_UP
Rgn,1.0968827622869606,3.105965844601281e-05,0.0042343188650042,UP,0.42849999999999994,6.0,0.1,20,-0.3284999999999999,RNA_UP_METHYLATION_DOWN
Rfc5,-0.2495429671149382,3.150542981987244e-05,0.0042650570818559,DN,0.42172727272727273,33.0,0.44048571428571426,35,0.01875844155844153,RNA_DOWN_METHYLATION_UP
HAG_015368,2.1642889910658365,3.1620327836247324e-05,0.0042650570818559,UP,0.10714285714285714,28.0,0.10365853658536585,41,-0.0034843205574912883,RNA_UP_METHYLATION_DOWN
Scd1,1.056380927964652,3.159378947187449e-05,0.0042650570818559,UP,0.18382352941176472,34.0,0.29,20,0.10617647058823526,RNA_UP_METHYLATION_UP
Rgs19,-0.3401257685882219,3.176993847197005e-05,0.004270148208986,DN,0.3277777777777778,36.0,0.6,20,0.2722222222222222,RNA_DOWN_METHYLATION_UP
Lox,0.9591023058943516,3.203098489211929e-05,0.0042901289659718,UP,0.5789473684210527,19.0,0.6131578947368421,19,0.03421052631578947,RNA_UP_METHYLATION_UP
Ctsw,1.2716828555600377,3.289820696516828e-05,0.0043908753715888,UP,0.6444375,16.0,0.7271666666666666,24,0.08272916666666663,RNA_UP_METHYLATION_UP
Ybx1,-0.2331844404701151,3.3516173613470045e-05,0.0044577678716842,DN,0.42260526315789476,38.0,0.32949375,48,-0.09311151315789479,RNA_DOWN_METHYLATION_DOWN
Tmem56,0.5916751410915824,3.466368733476956e-05,0.004588752914999,UP,0.6309642857142858,28.0,0.5882352941176471,17,-0.04272899159663868,RNA_UP_METHYLATION_DOWN
Hat1,-0.2004292922893071,3.474142283440007e-05,0.004588752914999,DN,0.2962962962962963,27.0,0.22142857142857142,35,-0.07486772486772486,RNA_DOWN_METHYLATION_DOWN
Syt9,0.6600266032641124,3.505174752627921e-05,0.0046137769192176,UP,0.09791666666666667,48.0,0.06484090909090909,44,-0.03307575757575758,RNA_UP_METHYLATION_DOWN
Epha4,0.9005952043424981,3.533373045587787e-05,0.0046234379637977,UP,0.16741818181818183,55.0,0.021604938271604937,81,-0.14581324354657688,RNA_UP_METHYLATION_DOWN
Extl1,0.8716846702779235,3.5367386708292296e-05,0.0046234379637977,UP,0.5155333333333334,15.0,0.2719473684210526,19,-0.2435859649122808,RNA_UP_METHYLATION_DOWN
Mcm5,-0.5494427788836473,3.5791392850974716e-05,0.004662897774428,DN,0.30541379310344824,29.0,0.175,40,-0.13041379310344825,RNA_DOWN_METHYLATION_DOWN
Sema4f,1.1350288305967768,3.61187678016636e-05,0.0046895428725343,UP,0.6389166666666667,12.0,0.37,10,-0.2689166666666667,RNA_UP_METHYLATION_DOWN
Flt3,-1.5769448953608096,3.639948657855523e-05,0.0047099701751749,DN,0.3391200000000001,25.0,0.6573043478260869,23,0.31818434782608684,RNA_DOWN_METHYLATION_UP
Gda,1.7301869996783932,3.68784752088477e-05,0.004755828228622,UP,0.65,14.0,0.4895833333333333,12,-0.1604166666666667,RNA_UP_METHYLATION_DOWN
Suv39h1,-0.2801072124411856,3.798324754349056e-05,0.0048654245813091,DN,0.5526315789473685,19.0,0.4415454545454546,22,-0.1110861244019139,RNA_DOWN_METHYLATION_DOWN
6330406I15Rik,-0.3563324189342687,3.797491127016842e-05,0.0048654245813091,DN,0.7065217391304348,23.0,0.508695652173913,23,-0.19782608695652182,RNA_DOWN_METHYLATION_DOWN
Pdgfd,0.6125150551667882,3.833917386603002e-05,0.0048945917886759,UP,0.5588235294117647,17.0,0.46665,20,-0.09217352941176471,RNA_UP_METHYLATION_DOWN
Cyyr1,0.433499620239786,3.86177715569532e-05,0.0048974005842924,UP,0.7125,20.0,0.40317391304347827,23,-0.30932608695652175,RNA_UP_METHYLATION_DOWN
Slamf1,0.8612068594993794,3.861724148094008e-05,0.0048974005842924,UP,0.675,10.0,0.7,10,0.02499999999999991,RNA_UP_METHYLATION_UP
Dnajc3,0.2047961470028152,3.911108531866879e-05,0.0049435375787557,UP,0.16352830188679246,53.0,0.15923214285714285,56,-0.00429615902964961,RNA_UP_METHYLATION_DOWN
Trpm2,-1.0362427004437305,3.9322224693274065e-05,0.0049538216534378,DN,0.41486666666666666,30.0,0.38503333333333334,30,-0.029833333333333323,RNA_DOWN_METHYLATION_DOWN
Bcl6,1.0516790947223482,3.9903083705153974e-05,0.0050104622078721,UP,0.16025641025641027,39.0,0.216,26,0.05574358974358973,RNA_UP_METHYLATION_UP
HAG_001868,0.7853932450031935,4.015250699781923e-05,0.0050252508102319,UP,0.6740555555555555,18.0,0.8578235294117648,17,0.18376797385620924,RNA_UP_METHYLATION_UP
Cdca5,-0.5107646334878782,4.057082416517105e-05,0.005061011438016,DN,0.3552258064516129,31.0,0.39880645161290323,31,0.04358064516129034,RNA_DOWN_METHYLATION_UP
Dsg2,1.6842916169621298,4.100044221103354e-05,0.0050908638774223,UP,0.4533333333333333,15.0,0.7417,10,0.2883666666666667,RNA_UP_METHYLATION_UP
Sf3a2,-0.2587991941993106,4.121023101025639e-05,0.0050908638774223,DN,0.14893617021276595,47.0,0.1141153846153846,52,-0.034820785597381346,RNA_DOWN_METHYLATION_DOWN
5730469M10Rik,0.5129898945318629,4.120978634217262e-05,0.0050908638774223,UP,0.2159090909090909,22.0,0.5698125,16,0.3539034090909091,RNA_UP_METHYLATION_UP
Sis,1.3194752533744507,4.137145523238781e-05,0.0050942941584861,UP,0.6799999999999999,5.0,0.7778333333333333,6,0.09783333333333333,RNA_UP_METHYLATION_UP
Abcc3,0.6180924339611757,4.1684593151333866e-05,0.005116348198626,UP,0.6508095238095238,21.0,0.8044666666666667,30,0.15365714285714283,RNA_UP_METHYLATION_UP
Epha2,1.670705303967915,4.234423199564228e-05,0.0051486503151724,UP,0.2744166666666667,36.0,0.30303030303030304,33,0.02861363636363634,RNA_UP_METHYLATION_UP
5830405N20Rik,-1.395433694261056,4.219150794198673e-05,0.0051486503151724,DN,0.75,10.0,0.7,10,-0.050000000000000044,RNA_DOWN_METHYLATION_DOWN
Rarg,0.5722807318153258,4.235241011642417e-05,0.0051486503151724,UP,0.36043749999999997,32.0,0.26825,32,-0.09218749999999998,RNA_UP_METHYLATION_DOWN
Mmrn1,0.6090783881084825,4.26748750970923e-05,0.0051664396146394,UP,0.7912222222222223,9.0,0.5710000000000001,9,-0.2202222222222222,RNA_UP_METHYLATION_DOWN
Gna15,-0.5657701655128822,4.276943618951271e-05,0.0051664396146394,DN,0.29411764705882354,17.0,0.3542272727272727,22,0.060109625668449185,RNA_DOWN_METHYLATION_UP
HAG_015369,2.676596942393643,4.313173585804858e-05,0.0051937685210518,UP,1.0,3.0,1.0,3,0.0,insufficient_WGBS_data
Igf1,-1.322144853392246,4.350785990063762e-05,0.0052080373728968,DN,0.4722,15.0,0.413,18,-0.05920000000000003,RNA_DOWN_METHYLATION_DOWN
Gm16485,1.4317390711482068,4.3523103896942864e-05,0.0052080373728968,UP,0.9833333333333334,12.0,1.0,13,0.016666666666666607,RNA_UP_METHYLATION_UP
Emid1,-0.9238363831109426,4.3867821603235775e-05,0.0052218174338109,DN,0.60668,25.0,0.4552285714285714,35,-0.15145142857142857,RNA_DOWN_METHYLATION_DOWN
Ndrg2,0.739151431643295,4.391185676027727e-05,0.0052218174338109,UP,0.08823529411764706,34.0,0.07502500000000001,40,-0.013210294117647056,RNA_UP_METHYLATION_DOWN
Pkp2,0.8166607903196552,4.4443643999737646e-05,0.00525233058439,UP,0.5703888888888888,18.0,0.31428571428571433,28,-0.2561031746031745,RNA_UP_METHYLATION_DOWN
AI427809,-0.4435098799753649,4.437763596972452e-05,0.00525233058439,DN,0.9473684210526315,19.0,0.9821363636363636,22,0.03476794258373206,RNA_DOWN_METHYLATION_UP
Reep4,-0.2918024073705014,4.468101798700331e-05,0.0052573814204628,DN,0.6785714285714286,21.0,0.4495588235294118,34,-0.22901260504201681,RNA_DOWN_METHYLATION_DOWN
Tmem221,0.719228389516257,4.4761840135450385e-05,0.0052573814204628,UP,0.22152777777777777,36.0,0.19334285714285715,35,-0.02818492063492062,RNA_UP_METHYLATION_DOWN
4930547N16Rik,-0.40669693598341,4.515925732005445e-05,0.0052877888663224,DN,0.4125,40.0,0.58,20,0.16749999999999998,RNA_DOWN_METHYLATION_UP
"AK031816,AK141638,AK165889",1.7565819838358188,4.538529999245811e-05,0.0052980051110462,UP,0.25,8.0,0.004269230769230769,78,-0.24573076923076922,RNA_UP_METHYLATION_DOWN
Sbf2,0.7089388306956703,4.5579092640541904e-05,0.0053044058666913,UP,0.06666666666666667,45.0,0.1021509433962264,53,0.03548427672955974,RNA_UP_METHYLATION_UP
Islr,-0.6623248631774294,4.579112049039138e-05,0.0053128834387818,DN,0.52775,12.0,0.5802727272727273,11,0.05252272727272722,RNA_DOWN_METHYLATION_UP
H2-T3,1.8864367509099285,4.678170275936734e-05,0.005411367144638,UP,1.0,6.0,0.7857142857142857,7,-0.2142857142857143,RNA_UP_METHYLATION_DOWN
Ctnnal1,0.4352228462409542,4.750663505032026e-05,0.0054711467493509,UP,0.45609090909090905,22.0,0.332030303030303,33,-0.12406060606060604,RNA_UP_METHYLATION_DOWN
Lgr5,0.8114751548170545,4.758515982354869e-05,0.0054711467493509,UP,0.31058620689655175,29.0,0.5263157894736842,19,0.21572958257713243,RNA_UP_METHYLATION_UP
HAG_023177,1.0337040668313384,4.782676490675301e-05,0.005482412222284,UP,0.8571428571428571,14.0,0.9804117647058824,17,0.12326890756302533,RNA_UP_METHYLATION_UP
Ntn4,1.4026547251099943,4.8109208669149915e-05,0.0054982775847867,UP,0.5759166666666666,36.0,0.4077450980392157,51,-0.16817156862745092,RNA_UP_METHYLATION_DOWN
Nsf,0.3602963455824985,4.8430512597734864e-05,0.0055184761996439,UP,0.23857142857142857,35.0,0.41097727272727275,44,0.17240584415584417,RNA_UP_METHYLATION_UP
Haus4,-0.2402473914411791,4.876916994642344e-05,0.0055405260571276,DN,0.3780487804878049,41.0,0.42051282051282046,39,0.04246404002501558,RNA_DOWN_METHYLATION_UP
Cdc6,-0.6570156149144761,5.06057860295776e-05,0.005651016688888,DN,0.7727272727272727,22.0,0.5337837837837838,37,-0.23894348894348894,RNA_DOWN_METHYLATION_DOWN
Sept6,-0.3116806821946456,5.018864272869915e-05,0.005651016688888,DN,0.23807142857142857,14.0,0.41250000000000003,12,0.17442857142857146,RNA_DOWN_METHYLATION_UP
Ssbp2,0.2666495952774097,5.0077219639025434e-05,0.005651016688888,UP,0.17576363636363637,55.0,0.18005357142857142,56,0.004289935064935052,RNA_UP_METHYLATION_UP
BC055324,-0.3615142070921751,5.04463715381321e-05,0.005651016688888,DN,0.5114285714285713,35.0,0.32142857142857145,49,-0.1899999999999999,RNA_DOWN_METHYLATION_DOWN
Efemp1,0.8411722302687933,5.0499676337348904e-05,0.005651016688888,UP,0.627625,16.0,0.4477083333333334,24,-0.1799166666666666,RNA_UP_METHYLATION_DOWN
Prkce,0.1440746455170751,5.062998290893073e-05,0.005651016688888,UP,0.04956410256410256,39.0,0.0,66,-0.04956410256410256,RNA_UP_METHYLATION_DOWN
Klrb1c,2.7740831254796854,5.101763619683953e-05,0.0056776828247981,UP,0.9042,10.0,0.9400000000000001,10,0.035800000000000054,RNA_UP_METHYLATION_UP
Mrpl49,-0.2227076732721737,5.153814790780759e-05,0.0057023599476429,DN,0.25308108108108107,37.0,0.17032692307692307,52,-0.082754158004158,RNA_DOWN_METHYLATION_DOWN
Epsti1,-0.2002361416480891,5.146592114981787e-05,0.0057023599476429,DN,0.7777916666666668,24.0,0.8167391304347827,23,0.038947463768115975,RNA_DOWN_METHYLATION_UP
Wdfy2,-0.4435706654885569,5.215910133151843e-05,0.0057378017752931,DN,0.297969696969697,33.0,0.18402083333333333,48,-0.11394886363636367,RNA_DOWN_METHYLATION_DOWN
Susd3,0.7879730875228264,5.215649318049615e-05,0.0057378017752931,UP,0.6602307692307693,13.0,0.7222222222222222,9,0.06199145299145292,RNA_UP_METHYLATION_UP
Il1rapl2,1.4345712192204243,5.2918009648680635e-05,0.0058045582307742,UP,0.0,40.0,0.0,20,0.0,insufficient_WGBS_data
Col4a2,-1.0352950315600262,5.3206287053865776e-05,0.0058194567032096,DN,0.14285714285714285,28.0,0.09428,50,-0.048577142857142847,RNA_DOWN_METHYLATION_DOWN
Tacstd2,0.6919508552808136,5.37211084610724e-05,0.0058589775776458,UP,0.8076923076923077,13.0,0.6144666666666667,15,-0.193225641025641,RNA_UP_METHYLATION_DOWN
Tmem47,1.9481786892685915,5.456662748653222e-05,0.005917378705727,UP,0.79175,4.0,0.05,10,-0.7417499999999999,RNA_UP_METHYLATION_DOWN
Clec1b,0.7872580662202944,5.447223383240027e-05,0.005917378705727,UP,0.8444666666666668,15.0,0.9590000000000001,13,0.11453333333333326,RNA_UP_METHYLATION_UP
Nxnl2,1.0290777362853345,5.503484175933262e-05,0.0059512464012386,UP,0.44593333333333335,45.0,0.258906976744186,43,-0.18702635658914735,RNA_UP_METHYLATION_DOWN
Fap,1.9219314735970507,5.555070268947288e-05,0.0059900605171258,UP,0.7,8.0,0.37,20,-0.32999999999999996,RNA_UP_METHYLATION_DOWN
HNG_013277,1.4328969842683517,5.5857111867231045e-05,0.0060061342935097,UP,0.3333333333333333,3.0,0.0,2,-0.3333333333333333,RNA_UP_METHYLATION_DOWN
Mylk,0.8018952872173637,5.6480016938669734e-05,0.0060103466915231,UP,0.7455789473684211,19.0,0.7969999999999999,20,0.05142105263157881,RNA_UP_METHYLATION_UP
Ak1,0.753712901357928,5.681557293978381e-05,0.0060103466915231,UP,0.6428571428571429,14.0,0.6166666666666667,12,-0.02619047619047621,RNA_UP_METHYLATION_DOWN
Lrrc59,-0.184697878669386,5.647422453337593e-05,0.0060103466915231,DN,0.6894736842105263,19.0,0.35665,40,-0.3328236842105263,RNA_DOWN_METHYLATION_DOWN
HNG_016951,1.1623671618926057,5.7148521098969506e-05,0.0060103466915231,UP,0.7,10.0,0.5316363636363636,11,-0.16836363636363638,RNA_UP_METHYLATION_DOWN
Prkcz,1.8359610198732348,5.705276767520207e-05,0.0060103466915231,UP,0.125,28.0,0.142375,48,0.017375,RNA_UP_METHYLATION_UP
Bin1,-1.0387246846334146,5.6090245982980465e-05,0.0060103466915231,DN,0.2457142857142857,35.0,0.34368965517241373,29,0.09797536945812804,RNA_DOWN_METHYLATION_UP
Trpm5,-0.5223261123980836,5.687784201633353e-05,0.0060103466915231,DN,0.5599999999999999,10.0,0.7380714285714286,14,0.17807142857142866,RNA_DOWN_METHYLATION_UP
Pcdhb1,0.384772425650562,5.71559218543145e-05,0.0060103466915231,UP,0.6785714285714286,7.0,0.42857142857142855,7,-0.25000000000000006,RNA_UP_METHYLATION_DOWN
Slbp,-0.3746465379990535,5.782521896526282e-05,0.0060640226877527,DN,0.11595652173913043,23.0,1.0,2,0.8840434782608696,RNA_DOWN_METHYLATION_UP
Eps8,0.4166552662185481,5.956309836069635e-05,0.0062107724321528,UP,0.425,30.0,0.5714285714285714,14,0.1464285714285714,RNA_UP_METHYLATION_UP
Bclp2,1.0185950055234816,5.96130572943773e-05,0.0062107724321528,UP,0.6923076923076923,13.0,0.6666666666666666,9,-0.02564102564102566,RNA_UP_METHYLATION_DOWN
Cntn1,2.0002498636213084,5.9712707812011626e-05,0.0062107724321528,UP,0.7222380952380952,21.0,0.74496,25,0.02272190476190472,RNA_UP_METHYLATION_UP
Cacng7,0.435329071971779,6.022776807647648e-05,0.0062473216386284,UP,0.9743846153846154,13.0,0.9815,18,0.0071153846153846345,RNA_UP_METHYLATION_UP
1810010H24Rik,0.4125971865247417,6.146984923678714e-05,0.0063361532641024,UP,0.037037037037037035,27.0,0.0625,32,0.025462962962962965,RNA_UP_METHYLATION_UP
Gpx8,1.484872276535422,6.158212461966865e-05,0.0063361532641024,UP,0.2867647058823529,17.0,0.35294117647058826,17,0.06617647058823534,RNA_UP_METHYLATION_UP
HNG_017977,1.201370687747482,6.14642135935683e-05,0.0063361532641024,UP,0.8260869565217391,23.0,0.7224358974358974,39,-0.10365105908584171,RNA_UP_METHYLATION_DOWN
Apbb2,0.9227227883650856,6.215177625896022e-05,0.0063775742025726,UP,0.19190909090909092,33.0,0.16048148148148147,27,-0.03142760942760944,RNA_UP_METHYLATION_DOWN
Synpo,1.1835824113069435,6.343556718710823e-05,0.0064744985846692,UP,0.9411764705882353,17.0,0.5568181818181818,22,-0.3843582887700535,RNA_UP_METHYLATION_DOWN
Lrrc42,0.3631383343332004,6.342528665672637e-05,0.0064744985846692,UP,0.1704,20.0,0.06262162162162163,37,-0.10777837837837836,RNA_UP_METHYLATION_DOWN
Il28ra,1.5933047446480777,6.360996571211608e-05,0.0064749856297677,UP,0.23076923076923078,26.0,0.14856756756756756,37,-0.08220166320166322,RNA_UP_METHYLATION_DOWN
HNG_031730,1.7044598625285348,6.412911031000903e-05,0.0065104691456214,UP,0.1441081081081081,37.0,0.04782608695652174,46,-0.09628202115158635,RNA_UP_METHYLATION_DOWN
Lzts1,0.5575228616394559,6.557988345216902e-05,0.0066323035886102,UP,0.9573846153846154,13.0,0.875,8,-0.08238461538461539,RNA_UP_METHYLATION_DOWN
HAG_007539,-0.3870633801124299,6.568614255292811e-05,0.0066323035886102,DN,0.9583333333333334,24.0,0.8815666666666667,30,-0.07676666666666665,RNA_DOWN_METHYLATION_DOWN
"Ccdc103,Fam187a",0.4636651884368412,6.585044168718642e-05,0.0066323035886102,UP,0.0755813953488372,43.0,0.12190740740740741,54,0.046326012058570204,RNA_UP_METHYLATION_UP
HNG_007747,-0.2508875316504013,6.644051688862148e-05,0.0066598848349924,DN,0.8444444444444444,9.0,1.0,13,0.15555555555555556,RNA_DOWN_METHYLATION_UP
Coro2b,-0.4020466098192345,6.647322964822699e-05,0.0066598848349924,DN,0.27049999999999996,26.0,0.44165,20,0.17115000000000002,RNA_DOWN_METHYLATION_UP
Depdc1b,-0.6426500741400174,6.780520722539463e-05,0.0067430530170526,DN,0.13939333333333334,15.0,0.15685294117647058,34,0.017459607843137243,RNA_DOWN_METHYLATION_UP
Rtkn2,-0.6605604584560529,6.75631735969043e-05,0.0067430530170526,DN,0.6107,20.0,0.529125,16,-0.08157500000000006,RNA_DOWN_METHYLATION_DOWN
Tdrd9,3.5445159996816833,6.783329033187235e-05,0.0067430530170526,UP,0.7805333333333333,15.0,0.875,16,0.0944666666666667,RNA_UP_METHYLATION_UP
Umps,-0.3832899050798897,6.828156153704177e-05,0.0067699838103687,DN,0.65975,12.0,0.71875,16,0.05900000000000005,RNA_DOWN_METHYLATION_UP
Melk,-0.3698312404433723,6.973704896465653e-05,0.0068963798784426,DN,0.6000000000000001,18.0,0.5384615384615384,26,-0.06153846153846165,RNA_DOWN_METHYLATION_DOWN
Calml4,1.271035650536685,7.008751538893029e-05,0.0069131282620833,UP,0.6153846153846154,13.0,0.03571428571428571,28,-0.5796703296703297,RNA_UP_METHYLATION_DOWN
Galc,0.3270508938222098,7.034985212810369e-05,0.0069211199882318,UP,0.25,16.0,0.6666666666666666,6,0.41666666666666663,RNA_UP_METHYLATION_UP
Clca1,2.4577154968981416,7.159225246117618e-05,0.0070072293870461,UP,0.7045454545454546,22.0,0.5277916666666667,24,-0.17675378787878793,RNA_UP_METHYLATION_DOWN
Fignl1,-0.3460668012646604,7.15086763508942e-05,0.0070072293870461,DN,0.17727272727272728,44.0,0.27843243243243243,37,0.10115970515970515,RNA_DOWN_METHYLATION_UP
Rdh10,1.1099990130883413,7.188155383600501e-05,0.0070175515934219,UP,0.0,81.0,0.0,79,0.0,insufficient_WGBS_data
Aldh5a1,0.6403889796874811,7.291388246405945e-05,0.0071001753097399,UP,0.4018444444444444,45.0,0.53540625,32,0.13356180555555558,RNA_UP_METHYLATION_UP
Ces1g,0.9682213896285816,7.340927308020449e-05,0.0071302258829963,UP,0.84375,8.0,0.6875,8,-0.15625,RNA_UP_METHYLATION_DOWN
Fzd1,0.934729574202798,7.389153708636029e-05,0.0071588521666511,UP,0.4276315789473684,38.0,0.3829787234042553,47,-0.0446528555431131,RNA_UP_METHYLATION_DOWN
Grb7,0.9053950905734796,7.46253806355552e-05,0.0071873508455515,UP,0.5071818181818183,22.0,0.6698,20,0.16261818181818166,RNA_UP_METHYLATION_UP
Ifi44,0.5502094409511571,7.475055762558854e-05,0.0071873508455515,UP,0.7538461538461539,13.0,0.85,14,0.09615384615384603,RNA_UP_METHYLATION_UP
Cenpo,-0.4550018064866403,7.458011327762908e-05,0.0071873508455515,DN,0.44,25.0,0.45652173913043476,23,0.016521739130434754,RNA_DOWN_METHYLATION_UP
Fhdc1,1.0669640271010987,7.540046390099018e-05,0.0072233176608867,UP,0.2097837837837838,37.0,0.22524324324324324,37,0.015459459459459451,RNA_UP_METHYLATION_UP
Hist1h4i,-0.5284778295664254,7.550308463517282e-05,0.0072233176608867,DN,0.0,35.0,0.09634375,32,0.09634375,RNA_DOWN_METHYLATION_UP
Zc3h12d,0.6021436686792843,7.673838868634676e-05,0.007276456561403,UP,0.5060303030303029,33.0,0.49478125,32,-0.011249053030302936,RNA_UP_METHYLATION_DOWN
Ar,0.8164723744366156,7.682102049264987e-05,0.007276456561403,UP,0.28846153846153844,13.0,0.125,16,-0.16346153846153844,RNA_UP_METHYLATION_DOWN
Rbpms2,0.7958428730716234,7.662594423855549e-05,0.007276456561403,UP,0.12098148148148147,54.0,0.08186440677966102,59,-0.03911707470182045,RNA_UP_METHYLATION_DOWN
Aim1,-0.5335286697477537,7.659960628832212e-05,0.007276456561403,DN,0.11904761904761904,42.0,0.23249056603773582,53,0.11344294699011678,RNA_DOWN_METHYLATION_UP
Slc4a8,0.759504869745192,7.726795407285966e-05,0.0073006741160128,UP,0.4572105263157895,19.0,0.374456,25,-0.0827545263157895,RNA_UP_METHYLATION_DOWN
Kdr,1.2130001762252625,7.752084471347628e-05,0.0073064831713649,UP,0.39488636363636365,44.0,0.452,30,0.057113636363636366,RNA_UP_METHYLATION_UP
Atp8b5,-0.8707955144241071,7.901067993639539e-05,0.0073844251678683,DN,0.4184285714285715,14.0,0.48715384615384616,13,0.06872527472527468,RNA_DOWN_METHYLATION_UP
Il9r,-0.6900048568922714,7.912160467510585e-05,0.0073844251678683,DN,0.8416499999999999,20.0,0.7608125,16,-0.0808374999999999,RNA_DOWN_METHYLATION_DOWN
A230065H16Rik,1.1097718908662493,7.895890327135157e-05,0.0073844251678683,UP,0.7563333333333334,30.0,0.9179615384615385,26,0.16162820512820508,RNA_UP_METHYLATION_UP
Chst2,1.1853960801495278,7.87334237621418e-05,0.0073844251678683,UP,0.20454545454545456,22.0,0.0425531914893617,47,-0.16199226305609285,RNA_UP_METHYLATION_DOWN
Cd86,-1.4786831415559414,7.99701753895391e-05,0.0074454183779743,DN,0.6522173913043479,23.0,0.854090909090909,22,0.20187351778656115,RNA_DOWN_METHYLATION_UP
Adam15,-0.4406049602754081,8.083801996110392e-05,0.007507904861205,DN,0.3010645161290323,31.0,0.3072307692307692,39,0.006166253101736907,RNA_DOWN_METHYLATION_UP
Mcm6,-0.4076486000491695,8.107133085398102e-05,0.0075112981586363,DN,0.45,20.0,0.07267857142857144,28,-0.3773214285714286,RNA_DOWN_METHYLATION_DOWN
4930578C19Rik,0.6840241876705784,8.181200684924587e-05,0.007561568826754,UP,0.2,5.0,0.5,2,0.3,RNA_UP_METHYLATION_UP
Gipc2,1.83793504060726,8.245584478905018e-05,0.007602667891999,UP,0.4936,35.0,0.6732040816326531,49,0.17960408163265312,RNA_UP_METHYLATION_UP
Tspan12,0.7798073992150121,8.400777094304344e-05,0.0077270954998502,UP,0.7222222222222222,18.0,0.6642857142857143,21,-0.05793650793650795,RNA_UP_METHYLATION_DOWN
Podxl,0.5308121536314099,8.464615127071173e-05,0.0077670982843884,UP,0.155625,40.0,0.1778867924528302,53,0.022261792452830192,RNA_UP_METHYLATION_UP
Ndn,0.9392296299999208,8.554796435403125e-05,0.0077901568210934,UP,0.5916666666666667,12.0,0.6309166666666667,12,0.03925000000000001,RNA_UP_METHYLATION_UP
Pik3ap1,-0.4996869372639283,8.558334781604442e-05,0.0077901568210934,DN,0.43169565217391304,23.0,0.7619285714285714,14,0.33023291925465836,RNA_DOWN_METHYLATION_UP
Siglecg,-1.3948786837453335,8.620086368634278e-05,0.0077901568210934,DN,0.42857142857142855,7.0,0.75,10,0.32142857142857145,RNA_DOWN_METHYLATION_UP
Gpx3,1.059635630228169,8.551700069644384e-05,0.0077901568210934,UP,0.42105263157894735,19.0,0.4901764705882353,17,0.06912383900928798,RNA_UP_METHYLATION_UP
Rasl11a,1.2940237963025747,8.61924482915701e-05,0.0077901568210934,UP,0.55,20.0,0.4301875,32,-0.11981250000000004,RNA_UP_METHYLATION_DOWN
Dhfr,-0.4025887614433543,8.632600689831594e-05,0.0077901568210934,DN,0.2619285714285714,14.0,0.5,10,0.2380714285714286,RNA_DOWN_METHYLATION_UP
HAG_037550,0.9403285478329116,8.587277137814015e-05,0.0077901568210934,UP,0.9270625,16.0,0.8055555555555556,18,-0.12150694444444443,RNA_UP_METHYLATION_DOWN
Dsc2,1.0330032095533357,8.727094540200963e-05,0.0078568550185979,UP,0.7083125,16.0,0.4345,14,-0.2738125,RNA_UP_METHYLATION_DOWN
Abat,1.2782087977753926,8.755626736490716e-05,0.0078639949125958,UP,0.75,10.0,0.7818181818181817,11,0.031818181818181746,RNA_UP_METHYLATION_UP
Plscr4,0.6113139030313786,8.858126149129912e-05,0.0079139303555487,UP,0.6060909090909091,11.0,0.6597500000000001,8,0.053659090909090934,RNA_UP_METHYLATION_UP
Tceal1,0.3231002743830751,8.873420811523787e-05,0.0079139303555487,UP,0.2857142857142857,7.0,0.1111111111111111,9,-0.1746031746031746,RNA_UP_METHYLATION_DOWN
Matn4,2.8150690927388142,8.859895277293089e-05,0.0079139303555487,UP,0.5302941176470588,17.0,0.6386363636363637,22,0.10834224598930486,RNA_UP_METHYLATION_UP
HAG_015427,0.9747071477664008,8.902292931756422e-05,0.0079211730953614,UP,0.9762142857142857,14.0,1.0,12,0.0237857142857143,RNA_UP_METHYLATION_UP
Rab6b,0.6254986857926648,9.025766973169416e-05,0.0080123622534842,UP,0.12739285714285714,28.0,0.10400000000000001,50,-0.023392857142857132,RNA_UP_METHYLATION_DOWN
Cdca7l,-0.290072680065121,9.247896492813227e-05,0.0081866442424919,DN,0.3333333333333333,18.0,0.18518518518518517,27,-0.14814814814814814,RNA_DOWN_METHYLATION_DOWN
B3gnt8,0.7961744765730385,9.264985624951597e-05,0.0081866442424919,UP,0.16216216216216217,37.0,0.20195454545454544,44,0.03979238329238327,RNA_UP_METHYLATION_UP
Ttc30b,0.4538794686047502,9.33680115368752e-05,0.008231047890036,UP,0.3124166666666667,36.0,0.438325,40,0.12590833333333334,RNA_UP_METHYLATION_UP
Ccne1,-0.7597919074015276,9.45265342580456e-05,0.0083139789532214,DN,0.01282051282051282,78.0,0.05385365853658537,82,0.041033145716072555,RNA_DOWN_METHYLATION_UP
HNG_034967,-0.642222291219173,9.557474378883918e-05,0.0083868485515116,DN,0.9880833333333333,12.0,1.0,11,0.011916666666666687,RNA_DOWN_METHYLATION_UP
D18Ertd653e,-0.6738235784826105,9.591299480596754e-05,0.008397226692049,DN,0.12392307692307693,39.0,0.1296842105263158,57,0.005761133603238863,RNA_DOWN_METHYLATION_UP
Nova1,1.3685304145033772,9.649862753759224e-05,0.0084291661564415,UP,0.21638596491228068,57.0,0.18641935483870964,62,-0.029966610073571043,RNA_UP_METHYLATION_DOWN
Acss3,0.9919666245587652,9.79273599839019e-05,0.008521759727693,UP,0.4140666666666667,15.0,0.242,17,-0.1720666666666667,RNA_UP_METHYLATION_DOWN
2610305D13Rik,0.7122936867197502,9.80051482882018e-05,0.008521759727693,UP,0.9003999999999999,25.0,0.7834,25,-0.11699999999999988,RNA_UP_METHYLATION_DOWN
Rorc,1.6578329617347525,9.827674373744456e-05,0.0085259542316948,UP,0.5697272727272726,11.0,0.4,10,-0.16972727272727262,RNA_UP_METHYLATION_DOWN
Zfp503,1.071833114587085,9.88904101495636e-05,0.008559738630905,UP,0.5291666666666667,42.0,0.6604576271186441,59,0.1312909604519774,RNA_UP_METHYLATION_UP
Cpne8,1.3431498034881306,9.998332441783718e-05,0.0086347589585467,UP,0.2037037037037037,54.0,0.18214285714285713,56,-0.021560846560846558,RNA_UP_METHYLATION_DOWN
Satb1,-1.280589127723914,0.0001011825567946,0.0087075884754623,DN,0.03821739130434783,23.0,0.1295,26,0.09128260869565218,RNA_DOWN_METHYLATION_UP
Snx18,0.3193489140732914,0.0001012828587211,0.0087075884754623,UP,0.5520833333333334,48.0,0.851086956521739,46,0.2990036231884057,RNA_UP_METHYLATION_UP
Cnnm2,-0.4223119723708444,0.0001032413740175,0.0088560218629132,DN,0.3045957446808511,47.0,0.2454776119402985,67,-0.05911813274055261,RNA_DOWN_METHYLATION_DOWN
Gjb2,0.8026466566556596,0.0001046390741126,0.0089520833259257,UP,0.33076923076923076,39.0,0.2869527777777778,36,-0.04381645299145298,RNA_UP_METHYLATION_DOWN
HND_003010,0.7265059882387144,0.0001050647943522,0.0089520833259257,UP,0.854125,8.0,0.975,8,0.12087499999999995,RNA_UP_METHYLATION_UP
Nlrp1a,-0.5514216042196436,0.0001049816570889,0.0089520833259257,DN,0.6666666666666666,3.0,0.6785714285714286,7,0.011904761904761973,RNA_DOWN_METHYLATION_UP
8430436N08Rik,0.3351774077860824,0.0001061428132305,0.0090237939123325,UP,0.43825000000000003,8.0,0.4,5,-0.038250000000000006,RNA_UP_METHYLATION_DOWN
Pa2g4,-0.1387476928610631,0.0001083607866212,0.0091918843264599,DN,0.3818857142857143,35.0,0.15865384615384615,52,-0.22323186813186813,RNA_DOWN_METHYLATION_DOWN
Pde3b,0.2916776830104206,0.0001097204650274,0.0092404182852656,UP,0.7,5.0,0.17647058823529413,17,-0.5235294117647058,RNA_UP_METHYLATION_DOWN
BC030867,-0.6365205188279752,0.0001099012339282,0.0092404182852656,DN,0.48333333333333334,30.0,0.5681818181818182,33,0.0848484848484849,RNA_DOWN_METHYLATION_UP
Hs3st1,0.5724275738143065,0.00010933648637,0.0092404182852656,UP,0.13157894736842105,38.0,0.1,20,-0.03157894736842104,RNA_UP_METHYLATION_DOWN
Gm6634,0.7306974764619327,0.0001094856210914,0.0092404182852656,UP,1.0,4.0,0.75,4,-0.25,RNA_UP_METHYLATION_DOWN
Lcp1,-0.2584978388218193,0.0001106509651846,0.0092830080066524,DN,0.39705882352941174,34.0,0.51,25,0.11294117647058827,RNA_DOWN_METHYLATION_UP
Nat1,0.4825633769123898,0.000111196138378,0.0093082872679097,UP,1.0,4.0,0.8,5,-0.19999999999999996,RNA_UP_METHYLATION_DOWN
Pank1,-0.4863626461463326,0.000111693716708,0.0093294804249,DN,0.5416666666666666,12.0,0.7050000000000001,18,0.16333333333333344,RNA_DOWN_METHYLATION_UP
Camk1d,-1.1993646575223122,0.000112080503852,0.0093413471463761,DN,0.3175,20.0,0.3103448275862069,29,-0.007155172413793098,RNA_DOWN_METHYLATION_DOWN
HNG_014065,2.8878201170079967,0.000112478107785,0.0093540617219441,UP,0.55,8.0,0.6736,10,0.12359999999999993,RNA_UP_METHYLATION_UP
HNG_019301,0.669780763669305,0.0001127344957454,0.0093550025469427,UP,0.7636363636363637,11.0,0.8008181818181819,11,0.037181818181818205,RNA_UP_METHYLATION_UP
Itga6,0.6443872798869048,0.0001135531930064,0.0094024999640819,UP,0.23958333333333334,48.0,0.3116279069767442,43,0.07204457364341085,RNA_UP_METHYLATION_UP
Ppp1r16b,0.8283568340862413,0.0001144117020992,0.0094420453518603,UP,0.5605909090909091,22.0,0.5642857142857143,21,0.0036948051948051397,RNA_UP_METHYLATION_UP
Vwf,1.5760675503626107,0.0001145254898331,0.0094420453518603,UP,0.66815,20.0,0.6315263157894736,19,-0.03662368421052642,RNA_UP_METHYLATION_DOWN
Pik3c2a,0.111733295290076,0.0001153327301373,0.0094720700360308,UP,0.05319148936170213,47.0,0.07142857142857142,42,0.018237082066869297,RNA_UP_METHYLATION_UP
Dnajc9,-0.2887945451054152,0.0001153859521836,0.0094720700360308,DN,0.5595,28.0,0.424875,32,-0.134625,RNA_DOWN_METHYLATION_DOWN
Cbr3,0.7277965224959329,0.000115844809924,0.0094893306532616,UP,0.4013469387755102,49.0,0.3541666666666667,36,-0.04718027210884351,RNA_UP_METHYLATION_DOWN
Scara5,-0.6563996183780771,0.0001163684292953,0.0095118108845039,DN,0.8676470588235294,17.0,0.7666666666666667,15,-0.10098039215686272,RNA_DOWN_METHYLATION_DOWN
Il7,0.7693885897659811,0.00011712180113,0.0095529345998672,UP,0.4064210526315789,19.0,0.38476,25,-0.021661052631578914,RNA_UP_METHYLATION_DOWN
Acpp,1.2898024217607382,0.000118153961855,0.0096165736288491,UP,0.41540740740740745,27.0,0.6240833333333334,36,0.208675925925926,RNA_UP_METHYLATION_UP
Gpr77,-0.2343185699346228,0.0001189207865955,0.0096583920551615,DN,0.58925,8.0,0.6799999999999999,10,0.09074999999999989,RNA_DOWN_METHYLATION_UP
"Mir3076,Tkt",-0.3105744003463062,0.0001197024561121,0.0096806825311717,DN,0.6818181818181818,11.0,0.20454545454545456,11,-0.4772727272727272,RNA_DOWN_METHYLATION_DOWN
Entpd2,1.3203316106772889,0.0001196632668276,0.0096806825311717,UP,0.35977777777777775,18.0,0.3333333333333333,9,-0.026444444444444437,RNA_UP_METHYLATION_DOWN
Gas2l3,0.2142394816541148,0.0001209830514048,0.0097429642156635,UP,0.5372173913043478,23.0,0.34090000000000004,30,-0.19631739130434772,RNA_UP_METHYLATION_DOWN
Bmp4,1.56517873610064,0.0001207694004378,0.0097429642156635,UP,0.501375,24.0,0.47103333333333336,30,-0.030341666666666656,RNA_UP_METHYLATION_DOWN
Synm,1.8886475564037264,0.0001224350540927,0.0098184682454358,UP,0.5565217391304348,23.0,0.4940357142857143,28,-0.06248602484472049,RNA_UP_METHYLATION_DOWN
Dok6,0.6521382512040479,0.0001223106417735,0.0098184682454358,UP,0.1111111111111111,27.0,0.06315789473684211,19,-0.047953216374269,RNA_UP_METHYLATION_DOWN
Pole2,-0.3477610547666758,0.00012351667172,0.0098844410752611,DN,0.65625,16.0,0.4561578947368421,19,-0.2000921052631579,RNA_DOWN_METHYLATION_DOWN
Rgmb,0.5774447277378436,0.0001238665607289,0.0098917036739422,UP,0.14285714285714285,35.0,0.17422727272727273,44,0.03137012987012988,RNA_UP_METHYLATION_UP
Dcbld2,0.505690564240048,0.0001248268469638,0.0099475791279862,UP,0.10483870967741936,31.0,0.175,40,0.07016129032258063,RNA_UP_METHYLATION_UP
HND_000515,-0.5370945430204652,0.0001262633851646,0.0100410957052199,DN,0.8571428571428571,7.0,0.9524285714285714,7,0.0952857142857143,RNA_DOWN_METHYLATION_UP
Mt2,1.4695837337968012,0.0001281735099693,0.0100671588941372,UP,0.3003148148148148,54.0,0.26959649122807017,57,-0.030718323586744645,RNA_UP_METHYLATION_DOWN
Adam9,0.3589679522622182,0.0001274437634171,0.0100671588941372,UP,0.1319142857142857,35.0,0.04908219178082192,73,-0.08283209393346379,RNA_UP_METHYLATION_DOWN
Ifit3,-0.1993235266434003,0.0001269259867348,0.0100671588941372,DN,0.8055833333333333,12.0,0.8571428571428571,7,0.05155952380952378,RNA_DOWN_METHYLATION_UP
Nomo1,0.3709354145341503,0.0001279615291355,0.0100671588941372,UP,0.8461538461538461,13.0,0.6568181818181817,22,-0.1893356643356644,RNA_UP_METHYLATION_DOWN
Mttp,0.5313162088711119,0.0001271730296492,0.0100671588941372,UP,0.019571428571428573,63.0,0.0520625,32,0.032491071428571425,RNA_UP_METHYLATION_UP
Ccbe1,2.473601109778353,0.0001280048962738,0.0100671588941372,UP,0.1687857142857143,42.0,0.22580645161290322,31,0.05702073732718893,RNA_UP_METHYLATION_UP
Tex16,0.5266272785026502,0.0001287874709153,0.0100946105539658,UP,1.0,4.0,1.0,2,0.0,insufficient_WGBS_data
Fam115c,0.7044799950275054,0.0001295629836361,0.0101230277255002,UP,0.17647058823529413,17.0,0.36764705882352944,17,0.1911764705882353,RNA_UP_METHYLATION_UP
Mocos,0.853541509464685,0.000129680408618,0.0101230277255002,UP,0.21926666666666664,30.0,0.3842212121212122,33,0.16495454545454555,RNA_UP_METHYLATION_UP
Htr2a,0.3178720025720984,0.0001299539891705,0.010123680968608,UP,0.32553846153846155,13.0,0.6324166666666667,12,0.3068782051282052,RNA_UP_METHYLATION_UP
Homer2,0.6440715937580448,0.0001317703066501,0.0102027102341745,UP,0.86335,20.0,0.3055555555555556,54,-0.5577944444444444,RNA_UP_METHYLATION_DOWN
Abcb1a,0.8534448347321089,0.0001315371662521,0.0102027102341745,UP,0.6877333333333334,15.0,0.7304117647058823,17,0.0426784313725489,RNA_UP_METHYLATION_UP
Epas1,1.2152026749753264,0.0001314908508313,0.0102027102341745,UP,0.10227118644067797,59.0,0.037037037037037035,27,-0.06523414940364093,RNA_UP_METHYLATION_DOWN
Zyx,-0.4006733402579803,0.0001323070230708,0.0102201234454247,DN,0.37227272727272726,33.0,0.2803030303030303,33,-0.09196969696969698,RNA_DOWN_METHYLATION_DOWN
4930548J01Rik,0.3111611331056785,0.0001327984184462,0.0102201234454247,UP,0.7856923076923077,13.0,0.9753333333333334,18,0.1896410256410257,RNA_UP_METHYLATION_UP
Pitpnb,0.0787021645395666,0.0001325542195328,0.0102201234454247,UP,0.373,21.0,0.4130869565217391,23,0.0400869565217391,RNA_UP_METHYLATION_UP
Ghr,0.9763304379869976,0.0001353154021281,0.0103726869433753,UP,0.36217948717948717,39.0,0.30507894736842106,38,-0.05710053981106611,RNA_UP_METHYLATION_DOWN
Gimap7,-0.7965556429651283,0.0001353242716598,0.0103726869433753,DN,0.8,5.0,0.8571428571428571,7,0.05714285714285705,RNA_DOWN_METHYLATION_UP
Pik3cg,-0.2894560283177476,0.0001357875467312,0.0103873391459388,DN,0.2864375,16.0,0.2487857142857143,14,-0.03765178571428571,RNA_DOWN_METHYLATION_DOWN
Dusp8,-0.2560032535659681,0.0001368725378928,0.0104482695022215,DN,0.12047058823529412,34.0,0.23214285714285715,42,0.11167226890756303,RNA_DOWN_METHYLATION_UP
Spnb3,2.142633416764531,0.0001374477685591,0.0104482695022215,UP,1.0,14.0,0.8190714285714286,14,-0.18092857142857144,RNA_UP_METHYLATION_DOWN
Akr1c12,-0.6435626323920238,0.0001373777679691,0.0104482695022215,DN,0.8571428571428571,7.0,0.6857142857142857,7,-0.17142857142857137,RNA_DOWN_METHYLATION_DOWN
Cd163,-0.651003363155898,0.0001376789154253,0.0104482695022215,DN,0.8901363636363636,22.0,0.9351666666666666,18,0.045030303030302976,RNA_DOWN_METHYLATION_UP
Spon1,1.365755393074141,0.0001396669001222,0.0105781049830719,UP,0.4632352941176471,17.0,0.17004761904761903,21,-0.2931876750700281,RNA_UP_METHYLATION_DOWN
Dpy19l2,1.4857649305131333,0.0001407977562054,0.010642637524506,UP,0.54215,20.0,0.5125,20,-0.029650000000000065,RNA_UP_METHYLATION_DOWN
Aspa,1.1986404079642266,0.0001412547033996,0.0106560761623909,UP,0.7,10.0,0.5,12,-0.19999999999999996,RNA_UP_METHYLATION_DOWN
Hsf4,1.133902656672265,0.0001431043673906,0.0107531100630641,UP,0.2888181818181818,88.0,0.36852222222222225,90,0.07970404040404044,RNA_UP_METHYLATION_UP
E2f1,-0.6179824602599062,0.000142839799869,0.0107531100630641,DN,0.4138888888888889,18.0,0.25672972972972974,37,-0.15715915915915918,RNA_DOWN_METHYLATION_DOWN
Limch1,1.6691217099328282,0.0001436122019107,0.0107680160691183,UP,0.46875,32.0,0.7727272727272727,11,0.3039772727272727,RNA_UP_METHYLATION_UP
Sel1l3,1.4477488426458205,0.0001438669232749,0.0107680160691183,UP,0.03602702702702702,37.0,0.08064516129032258,31,0.044618134263295556,RNA_UP_METHYLATION_UP
Gulo,0.5482080496099875,0.0001446368932963,0.0108044608432681,UP,0.8078947368421052,19.0,0.6695652173913044,23,-0.13832951945080085,RNA_UP_METHYLATION_DOWN
Rbbp9,0.2563758696147502,0.0001456365788571,0.0108156410275012,UP,0.8315789473684211,19.0,0.8859473684210526,19,0.05436842105263151,RNA_UP_METHYLATION_UP
5730577I03Rik,0.3350437164023703,0.0001454877530783,0.0108156410275012,UP,0.21570588235294116,34.0,0.43883333333333335,12,0.2231274509803922,RNA_UP_METHYLATION_UP
Abcb1b,0.4169227588106325,0.0001453514438818,0.0108156410275012,UP,0.9020833333333332,12.0,0.5650000000000001,20,-0.3370833333333332,RNA_UP_METHYLATION_DOWN
HAG_025266,1.4865806893098767,0.0001461984407813,0.0108207658567064,UP,0.75,9.0,0.9620909090909091,11,0.2120909090909091,RNA_UP_METHYLATION_UP
Srd5a1,0.9085111629529194,0.0001462725343723,0.0108207658567064,UP,0.18421052631578946,19.0,0.0528169014084507,71,-0.13139362490733875,RNA_UP_METHYLATION_DOWN
Sema3e,1.1586015089060393,0.0001477197896361,0.010906692088956,UP,0.6007391304347827,23.0,0.8974615384615384,13,0.29672240802675576,RNA_UP_METHYLATION_UP
Xylt1,-0.6022468775280361,0.0001482679435099,0.010926030771545,DN,0.195,25.0,0.18889999999999998,30,-0.006100000000000022,RNA_DOWN_METHYLATION_DOWN
1700030J22Rik,0.3124444039491389,0.0001496499012924,0.0109662689707655,UP,0.29069767441860467,43.0,0.14226829268292684,41,-0.14842938173567782,RNA_UP_METHYLATION_DOWN
Rbpjl,1.986164103618993,0.0001492855075748,0.0109662689707655,UP,0.3709677419354839,31.0,0.35648484848484846,33,-0.014482893450635415,RNA_UP_METHYLATION_DOWN
Gstt1,0.6069827848372809,0.0001496758391954,0.0109662689707655,UP,0.7606923076923077,26.0,0.8625,20,0.10180769230769238,RNA_UP_METHYLATION_UP
Gm4980,0.5995704124999663,0.0001516414002367,0.0110889952678844,UP,0.3931818181818182,22.0,0.3684210526315789,19,-0.02476076555023926,RNA_UP_METHYLATION_DOWN
Pcdhb17,0.8003137494774477,0.0001550772740701,0.0113046160661455,UP,0.6690476190476191,21.0,0.484375,16,-0.1846726190476191,RNA_UP_METHYLATION_DOWN
Vrk1,-0.2514097543007718,0.000155182301652,0.0113046160661455,DN,0.7238,35.0,0.5744038461538461,52,-0.1493961538461539,RNA_DOWN_METHYLATION_DOWN
Cdk5r1,-0.4653814040659532,0.0001562786784677,0.0113627994561317,DN,0.3644782608695652,46.0,0.5326315789473685,38,0.16815331807780326,RNA_DOWN_METHYLATION_UP
Hist1h2ac,-1.2696689867488278,0.0001566699432744,0.0113695913967179,DN,0.2755102040816326,49.0,0.0028039215686274507,51,-0.27270628251300516,RNA_DOWN_METHYLATION_DOWN
4933431E20Rik,0.3926478604434127,0.0001580465412994,0.0114044472107387,UP,0.77664,25.0,0.8333333333333334,21,0.05669333333333337,RNA_UP_METHYLATION_UP
HAG_008637,0.403434949166833,0.0001577755411083,0.0114044472107387,UP,0.9230769230769231,13.0,0.8610833333333333,12,-0.061993589743589816,RNA_UP_METHYLATION_DOWN
Fgf3,-0.6766407787945719,0.000157604616152,0.0114044472107387,DN,0.20002564102564102,39.0,0.24472222222222217,36,0.04469658119658115,RNA_DOWN_METHYLATION_UP
HND_003363,0.1933561841243454,0.000158528443694,0.0114176372692255,UP,0.6628181818181818,22.0,0.4849459459459461,37,-0.17787223587223566,RNA_UP_METHYLATION_DOWN
Apol7e,0.7691767864935004,0.0001594822898339,0.0114264530974035,UP,0.6860833333333333,12.0,0.5435384615384616,13,-0.14254487179487163,RNA_UP_METHYLATION_DOWN
Dtl,-0.5115856483911196,0.0001592119358312,0.0114264530974035,DN,0.05816393442622951,61.0,0.07123943661971831,71,0.013075502193488797,RNA_DOWN_METHYLATION_UP
Plscr1,0.7707874219171629,0.0001595488709241,0.0114264530974035,UP,0.35185714285714287,21.0,0.05715,20,-0.2947071428571429,RNA_UP_METHYLATION_DOWN
Acaca,-0.2249741759815737,0.0001609989335195,0.0115087102814756,DN,1.0,7.0,0.875,8,-0.125,RNA_DOWN_METHYLATION_DOWN
HNG_033449,0.4925007267426796,0.0001653015572957,0.0117941888693353,UP,0.76336,25.0,0.5242424242424243,33,-0.23911757575757575,RNA_UP_METHYLATION_DOWN
Col5a2,-1.3677018137576735,0.0001660905258232,0.0118283722979978,DN,0.7142857142857143,7.0,0.71875,8,0.004464285714285698,RNA_DOWN_METHYLATION_UP
Coro2a,-0.5237495889157575,0.0001665529194365,0.0118392142285537,DN,0.43652380952380954,21.0,0.270825,40,-0.16569880952380955,RNA_DOWN_METHYLATION_DOWN
Cd37,-1.0492241162406222,0.0001669964255261,0.0118486757531333,DN,0.638304347826087,46.0,0.7245283018867925,53,0.08622395406070549,RNA_DOWN_METHYLATION_UP
HNG_012845,0.5798617644624642,0.0001693436939771,0.0119929266910882,UP,0.8512941176470589,17.0,0.9061428571428571,14,0.05484873949579827,RNA_UP_METHYLATION_UP
Rad51,-0.4131513578617509,0.000170416967601,0.0120243188304404,DN,0.29310344827586204,29.0,0.3228571428571429,35,0.029753694581280854,RNA_DOWN_METHYLATION_UP
Ebi3,-1.170241887358964,0.0001702749043572,0.0120243188304404,DN,0.7291666666666666,12.0,0.85,15,0.12083333333333335,RNA_DOWN_METHYLATION_UP
AK083197,1.0981225328047164,0.0001709278081435,0.0120381112406905,UP,0.875,4.0,1.0,4,0.125,RNA_UP_METHYLATION_UP
Crebl2,0.4929700214622654,0.000171631325116,0.012052853923317,UP,0.21052631578947367,38.0,0.2599,30,0.04937368421052635,RNA_UP_METHYLATION_UP
Wnt5a,1.3693147144243654,0.0001717686402149,0.012052853923317,UP,0.14772727272727273,44.0,0.10580952380952381,63,-0.04191774891774892,RNA_UP_METHYLATION_DOWN
HNG_004352,1.4920725718461552,0.0001722135496557,0.0120619002155244,UP,0.8962777777777777,18.0,0.8333333333333334,24,-0.06294444444444436,RNA_UP_METHYLATION_DOWN
HNG_024677,-0.1079504879598382,0.0001733261689723,0.0121175943626635,DN,0.9791666666666666,12.0,0.9464285714285714,14,-0.03273809523809523,RNA_DOWN_METHYLATION_DOWN
Cd244,-1.3271065922021648,0.0001764799259071,0.0123155241896291,DN,0.7796666666666666,9.0,0.49945454545454543,11,-0.2802121212121212,RNA_DOWN_METHYLATION_DOWN
Fam19a5,0.6818968732551005,0.0001784712044533,0.0124317569642226,UP,0.3453529411764706,17.0,0.5,21,0.15464705882352942,RNA_UP_METHYLATION_UP
Tmem150b,-0.6797653048422148,0.0001799615805934,0.0125127385326292,DN,0.7655666666666667,30.0,0.7444583333333333,24,-0.021108333333333396,RNA_DOWN_METHYLATION_DOWN
B230219D22Rik,0.1125129261853601,0.000180483439188,0.0125262069830667,UP,0.7,10.0,0.043,31,-0.6569999999999999,RNA_UP_METHYLATION_DOWN
Tm4sf1,2.337405049125822,0.0001810343412232,0.0125416386082979,UP,0.6266,5.0,0.7778333333333333,6,0.15123333333333322,RNA_UP_METHYLATION_UP
HNG_016886,1.1626211835979603,0.0001821428121129,0.0125727946183987,UP,0.9229375,16.0,0.9411764705882353,17,0.018238970588235315,RNA_UP_METHYLATION_UP
Dut,-0.2784284308981171,0.0001820617432032,0.0125727946183987,DN,0.28335,20.0,0.6041875,16,0.3208375,RNA_DOWN_METHYLATION_UP
HNG_029339,-0.2863057352802374,0.0001829899953192,0.0126084731070868,DN,0.6666666666666666,9.0,0.45454545454545453,11,-0.2121212121212121,RNA_DOWN_METHYLATION_DOWN
HNG_031394,0.796830811966552,0.000184031531376,0.0126573902985312,UP,1.0,7.0,0.9642857142857143,7,-0.0357142857142857,RNA_UP_METHYLATION_DOWN
Mdga1,-1.6983684915132162,0.0001849615717749,0.0126756788470225,DN,0.037037037037037035,54.0,0.0,103,-0.037037037037037035,RNA_DOWN_METHYLATION_DOWN
HND_001023,0.1054974615185127,0.0001848828165324,0.0126756788470225,UP,0.8235294117647058,17.0,0.9055555555555556,18,0.08202614379084971,RNA_UP_METHYLATION_UP
Thbd,0.7358284346190391,0.0001854595618232,0.0126870293797789,UP,0.24095238095238097,21.0,0.09334285714285716,35,-0.1476095238095238,RNA_UP_METHYLATION_DOWN
Atp8a2,-0.6805113441288628,0.0001859547951144,0.0126981510538593,DN,0.4697272727272727,22.0,0.8461538461538461,13,0.37642657342657343,RNA_DOWN_METHYLATION_UP
Gcnt1,0.2899797087639282,0.0001873441720736,0.0127701816721329,UP,0.8625,16.0,0.9875,16,0.125,RNA_UP_METHYLATION_UP
Enpp5,1.624751318772434,0.0001893270274534,0.012770400259159,UP,0.5256153846153846,13.0,0.40625,16,-0.1193653846153846,RNA_UP_METHYLATION_DOWN
HAG_010450,1.2834078219617964,0.000187967842919,0.012770400259159,UP,0.9606666666666667,24.0,0.9526315789473685,19,-0.008035087719298173,RNA_UP_METHYLATION_DOWN
Pmf1,-0.4771326612600655,0.0001888600530707,0.012770400259159,DN,0.5333928571428571,28.0,0.452448275862069,29,-0.08094458128078813,RNA_DOWN_METHYLATION_DOWN
Gypa,-1.5778783713975943,0.000188405597886,0.012770400259159,DN,0.26009302325581396,43.0,0.21063829787234042,47,-0.049454725383473536,RNA_DOWN_METHYLATION_DOWN
HAG_027714,0.2710847639731231,0.0001892362585088,0.012770400259159,UP,0.875,12.0,0.9510000000000001,17,0.07600000000000007,RNA_UP_METHYLATION_UP
Basp1,0.5482597795417989,0.000189354672186,0.012770400259159,UP,0.00923076923076923,65.0,0.05102040816326531,49,0.04178963893249608,RNA_UP_METHYLATION_UP
Mid2,0.7306760036392705,0.0001900607543101,0.012787644356401,UP,0.8636363636363636,11.0,0.875,8,0.011363636363636354,RNA_UP_METHYLATION_UP
HNG_045522,-0.8144379894442335,0.0001902803624236,0.012787644356401,DN,0.8181818181818182,22.0,0.8958333333333334,24,0.07765151515151514,RNA_DOWN_METHYLATION_UP
HNG_018105,0.7133794288472188,0.0001922798922666,0.0128316574258818,UP,0.48715384615384616,13.0,0.548625,16,0.06147115384615387,RNA_UP_METHYLATION_UP
Hrh2,0.5331921249254443,0.000192054448501,0.0128316574258818,UP,0.52,25.0,0.5726538461538462,26,0.05265384615384616,RNA_UP_METHYLATION_UP
HAG_022038,0.7236811371299572,0.0001914686020017,0.0128316574258818,UP,0.7643000000000001,10.0,0.8888888888888888,9,0.12458888888888875,RNA_UP_METHYLATION_UP
HNG_004218,-0.3029804927770572,0.0001916434514322,0.0128316574258818,DN,0.85,15.0,0.47614285714285715,14,-0.37385714285714283,RNA_DOWN_METHYLATION_DOWN
HNG_019885,-0.8598233959355033,0.0001933982154587,0.0128837638403005,DN,0.7976428571428571,14.0,0.8800000000000001,20,0.08235714285714302,RNA_DOWN_METHYLATION_UP
HNG_022471,0.7875705007582672,0.0001948943231419,0.0129608120260866,UP,0.38461538461538464,13.0,0.4227894736842106,19,0.03817408906882597,RNA_UP_METHYLATION_UP
Cfc1,-0.4050372133512667,0.00019567081385,0.0129898196631055,DN,0.11116666666666668,6.0,0.0,7,-0.11116666666666668,RNA_DOWN_METHYLATION_DOWN
Dtna,1.2750211541986114,0.0001962065641412,0.0130027725111076,UP,0.5714285714285714,14.0,0.4322666666666667,15,-0.1391619047619047,RNA_UP_METHYLATION_DOWN
Rasa3,-0.3128796053499982,0.0001974337507418,0.0130614231080042,DN,0.43490625,32.0,0.26086363636363635,44,-0.17404261363636364,RNA_DOWN_METHYLATION_DOWN
Hmgb2,-0.5642187676691952,0.0001981454262663,0.013063224890222,DN,0.12346296296296295,54.0,0.21035294117647063,68,0.08688997821350768,RNA_DOWN_METHYLATION_UP
Fam83g,0.7335726119228447,0.0001978263723896,0.013063224890222,UP,0.3333333333333333,33.0,0.25,53,-0.08333333333333331,RNA_UP_METHYLATION_DOWN
Afg3l1,-0.2302226145616632,0.0001994869920027,0.0131191904018202,DN,0.2729423076923077,52.0,0.3287741935483871,62,0.0558318858560794,RNA_DOWN_METHYLATION_UP
Vdr,0.4303772791502736,0.0001996816940023,0.0131191904018202,UP,0.086,31.0,0.2,25,0.11400000000000002,RNA_UP_METHYLATION_UP
Pdgfc,-0.6951753197827015,0.0002007893751865,0.0131692990199694,DN,0.8676470588235294,17.0,0.8239375,16,-0.04370955882352945,RNA_DOWN_METHYLATION_DOWN
Tmem159,0.3442783260385438,0.0002015509567846,0.0131965748239868,UP,0.5714285714285714,14.0,0.39175000000000004,24,-0.17967857142857135,RNA_UP_METHYLATION_DOWN
Ptpru,1.277200649594949,0.000202726305814,0.0132037838955941,UP,0.4289672131147541,61.0,0.47361666666666663,60,0.04464945355191252,RNA_UP_METHYLATION_UP
Bid,-0.3165898514294341,0.000203044670091,0.0132037838955941,DN,0.45454545454545453,22.0,0.8114210526315789,19,0.3568755980861244,RNA_DOWN_METHYLATION_UP
C1qa,-0.873168430725503,0.0002020739153584,0.0132037838955941,DN,0.8229375,16.0,0.7737222222222222,18,-0.04921527777777779,RNA_DOWN_METHYLATION_DOWN
HAG_010588,0.1173728227613359,0.0002026599924628,0.0132037838955941,UP,0.9090909090909091,11.0,0.9860833333333333,12,0.07699242424242425,RNA_UP_METHYLATION_UP
Gnptg,0.4585220059642134,0.0002050759743352,0.0133131974359244,UP,0.6594347826086956,23.0,0.36363636363636365,44,-0.29579841897233194,RNA_UP_METHYLATION_DOWN
Gpr124,-0.8453034628193046,0.0002056704304752,0.0133272149090994,DN,0.2897037037037037,27.0,0.5333571428571429,14,0.24365343915343918,RNA_DOWN_METHYLATION_UP
Nat15,-0.1092551166363051,0.0002059901707106,0.0133272149090994,DN,0.2631578947368421,38.0,0.2857142857142857,28,0.022556390977443608,RNA_DOWN_METHYLATION_UP
Spats2,1.2611816260291948,0.0002063523509665,0.013328057429944,UP,0.08332835820895523,67.0,0.038461538461538464,52,-0.04486681974741677,RNA_UP_METHYLATION_DOWN
Gstm1,0.538402698515613,0.0002071232089247,0.0133552485322227,UP,0.2738,35.0,0.39285714285714285,35,0.11905714285714286,RNA_UP_METHYLATION_UP
4930506M07Rik,0.6994725887618358,0.0002094763454722,0.0133972678530426,UP,0.8246190476190476,21.0,0.7521578947368421,19,-0.07246115288220545,RNA_UP_METHYLATION_DOWN
Gm13546,1.0973500390146524,0.0002098229634364,0.0133972678530426,UP,0.8229375,16.0,0.7431176470588234,17,-0.07981985294117655,RNA_UP_METHYLATION_DOWN
Cd38,1.7405666693669866,0.0002092248468932,0.0133972678530426,UP,0.838,9.0,0.749,8,-0.08899999999999997,RNA_UP_METHYLATION_DOWN
Pcdhb2,0.4385627292770188,0.0002098807025075,0.0133972678530426,UP,0.25,10.0,0.45235714285714285,14,0.20235714285714285,RNA_UP_METHYLATION_UP
Glipr1,0.2479824478047216,0.0002089248022686,0.0133972678530426,UP,0.625,8.0,0.1875,4,-0.4375,RNA_UP_METHYLATION_DOWN
Gprin2,0.8018646593304137,0.0002089803463317,0.0133972678530426,UP,0.6174090909090909,22.0,0.9215882352941176,17,0.3041791443850267,RNA_UP_METHYLATION_UP
Tpcn1,-0.3522217979985855,0.0002109371204214,0.0134243895526615,DN,0.32592592592592595,27.0,0.3333333333333333,33,0.007407407407407363,RNA_DOWN_METHYLATION_UP
Nudt3,-0.1240257118664995,0.0002110089524153,0.0134243895526615,DN,0.20131481481481484,54.0,0.5791818181818182,22,0.3778670033670034,RNA_DOWN_METHYLATION_UP
BC013712,-0.4885594808987008,0.0002120207380047,0.0134663154927073,DN,0.3806111111111111,18.0,0.5576923076923077,13,0.1770811965811966,RNA_DOWN_METHYLATION_UP
Fam181b,-0.5964766225687343,0.0002140344262119,0.013571631424191,DN,0.7722666666666667,15.0,0.50168,25,-0.27058666666666664,RNA_DOWN_METHYLATION_DOWN
Pom121,-0.3089541397566702,0.0002146290514575,0.013586766421624,DN,0.3256296296296296,54.0,0.3610188679245283,53,0.035389238294898706,RNA_DOWN_METHYLATION_UP
Mllt3,0.5537739171712808,0.0002180406985591,0.0137798833533081,UP,0.0,59.0,0.0,62,0.0,insufficient_WGBS_data
Oxr1,1.0241247809560583,0.0002204506951016,0.0138862111112525,UP,0.19248387096774194,31.0,0.26704545454545453,22,0.07456158357771259,RNA_UP_METHYLATION_UP
Susd1,-0.2864580161358265,0.0002203253453591,0.0138862111112525,DN,0.14742307692307693,26.0,0.09934615384615385,26,-0.04807692307692309,RNA_DOWN_METHYLATION_DOWN
Ndel1,0.1732706851755887,0.0002230531344559,0.0140269921720786,UP,0.175,20.0,0.11706451612903226,31,-0.057935483870967724,RNA_UP_METHYLATION_DOWN
Zfand6,0.2054509043911832,0.0002236641261522,0.0140353450432938,UP,0.0,4.0,0.0,7,0.0,insufficient_WGBS_data
Fzd3,0.6820848063917966,0.0002239213332119,0.0140353450432938,UP,0.7619285714285714,14.0,0.5833333333333334,15,-0.17859523809523803,RNA_UP_METHYLATION_DOWN
Tnfsf4,0.7478080405702197,0.0002264899441289,0.0141730723726101,UP,0.7315,18.0,0.5375,16,-0.19400000000000006,RNA_UP_METHYLATION_DOWN
4930412O13Rik,0.7017966722675288,0.0002271713347937,0.0141924454856729,UP,0.13575,52.0,0.13149090909090907,55,-0.004259090909090935,RNA_UP_METHYLATION_DOWN
Srsf2,-0.2628448375731871,0.0002290681897371,0.0142875668932147,DN,0.05813953488372093,86.0,0.07692307692307693,91,0.018783542039355998,RNA_DOWN_METHYLATION_UP
Aldh1a1,1.1140474474420268,0.0002299247534711,0.014317598188421,UP,0.7275,12.0,0.2347272727272727,11,-0.49277272727272736,RNA_UP_METHYLATION_DOWN
Sparcl1,-0.2272254098747436,0.0002318617992917,0.0144147045644374,DN,0.9471428571428571,35.0,0.8668333333333335,36,-0.08030952380952361,RNA_DOWN_METHYLATION_DOWN
Hrasls,0.2820001793135926,0.0002324884452398,0.014422929226745,UP,0.7159642857142857,28.0,0.8926818181818181,22,0.1767175324675324,RNA_UP_METHYLATION_UP
D930028M14Rik,-0.3528439382018142,0.0002327497748002,0.014422929226745,DN,0.30605999999999994,15.0,0.38,25,0.07394000000000006,RNA_DOWN_METHYLATION_UP
Pabpc4,-0.2834423922981397,0.0002352746889643,0.0144311476255901,DN,0.8733333333333333,15.0,0.27932142857142855,28,-0.5940119047619048,RNA_DOWN_METHYLATION_DOWN
HNG_013563,0.4828768081871946,0.0002352846152065,0.0144311476255901,UP,0.26,100.0,0.39661111111111114,54,0.13661111111111113,RNA_UP_METHYLATION_UP
HND_003229,0.9817342699430744,0.0002355060493012,0.0144311476255901,UP,0.6886315789473684,19.0,0.5921052631578947,19,-0.09652631578947368,RNA_UP_METHYLATION_DOWN
Actr3b,0.6991219714486165,0.0002333512914153,0.0144311476255901,UP,0.1875,16.0,0.3317777777777778,27,0.14427777777777778,RNA_UP_METHYLATION_UP
Bsn,-1.3455742242906277,0.0002355287899702,0.0144311476255901,DN,0.6107948717948718,39.0,0.6557826086956522,23,0.044987736900780395,RNA_DOWN_METHYLATION_UP
"Pcdha1,Pcdha10,Pcdha11,Pcdha12,Pcdha2,Pcdha3,Pcdha4,Pcdha4-g,Pcdha5,Pcdha6,Pcdha7,Pcdha8,Pcdha9,Pcdhac1,Pcdhac2,Pcdhga1,Pcdhga10,Pcdhga11,Pcdhga12,Pcdhga2,Pcdhga3,Pcdhga4,Pcdhga5,Pcdhga6,Pcdhga7,Pcdhga8,Pcdhga9,Pcdhgb1,Pcdhgb2,Pcdhgb4,Pcdhgb5,Pcdhgb6,Pcdhgb7,Pcdhgb8,Pcdhgc3,Pcdhgc4,Pcdhgc5",0.7189164452890946,0.0002343656706003,0.0144311476255901,UP,0.6434444444444445,18.0,0.7686428571428572,14,0.1251984126984127,RNA_UP_METHYLATION_UP
Ptbp1,-0.1269000582989718,0.0002351163556526,0.0144311476255901,DN,0.09538461538461537,65.0,0.04372972972972973,74,-0.05165488565488564,RNA_DOWN_METHYLATION_DOWN
Kcnc3,1.040997399388443,0.000235948052841,0.0144336683862967,UP,0.09090909090909091,66.0,0.04861111111111111,72,-0.0422979797979798,RNA_UP_METHYLATION_DOWN
Slc7a8,-0.2803961931457426,0.000237889883839,0.0144628297117676,DN,0.6135263157894738,19.0,0.45946875,32,-0.15405756578947383,RNA_DOWN_METHYLATION_DOWN
Srgap1,-0.4832821915700733,0.0002383191839228,0.0144628297117676,DN,0.5247419354838709,31.0,0.35082978723404257,47,-0.17391214824982837,RNA_DOWN_METHYLATION_DOWN
Vamp4,0.233333776379629,0.0002373318579581,0.0144628297117676,UP,0.19854347826086954,46.0,0.2,45,0.0014565217391304675,RNA_UP_METHYLATION_UP
Sh2b2,-0.6983202405935645,0.0002381155178075,0.0144628297117676,DN,0.33571428571428574,28.0,0.32531999999999994,25,-0.0103942857142858,RNA_DOWN_METHYLATION_DOWN
Nek2,-0.5463544789471309,0.000237707913274,0.0144628297117676,DN,0.46875,32.0,0.3658717948717949,39,-0.10287820512820511,RNA_DOWN_METHYLATION_DOWN
Tmem59l,0.6028017293973457,0.0002390452702496,0.0144838667555072,UP,0.10601960784313726,51.0,0.10042678571428573,56,-0.005592822128851524,RNA_UP_METHYLATION_DOWN
Fam187b,0.7861572582273746,0.0002400172071017,0.0145197097139245,UP,0.5206896551724138,29.0,0.5193157894736842,57,-0.0013738656987296594,RNA_UP_METHYLATION_DOWN
D6Mm5e,0.4144034851090945,0.0002425764516903,0.0145955206911777,UP,0.9199999999999999,20.0,0.9555555555555555,18,0.03555555555555556,RNA_UP_METHYLATION_UP
Eed,-0.2034662866531995,0.000242113304772,0.0145955206911777,DN,0.15151515151515152,33.0,0.21621621621621623,37,0.06470106470106471,RNA_DOWN_METHYLATION_UP
Zfp334,1.3304694219470472,0.0002421472551872,0.0145955206911777,UP,0.58334375,32.0,0.5944499999999999,20,0.011106249999999873,RNA_UP_METHYLATION_UP
Zfp780b,0.1757634071082874,0.0002432647872716,0.0145955206911777,UP,0.4149375,32.0,0.44626829268292684,41,0.03133079268292682,RNA_UP_METHYLATION_UP
Klf9,0.256307332296954,0.0002435645677533,0.0145955206911777,UP,0.22455999999999998,50.0,0.13118367346938772,49,-0.09337632653061226,RNA_UP_METHYLATION_DOWN
Pitpnc1,-0.428560555746829,0.0002428601621501,0.0145955206911777,DN,0.058823529411764705,17.0,0.17391304347826086,23,0.11508951406649616,RNA_DOWN_METHYLATION_UP
Tmod2,0.8668928405271672,0.0002454244701632,0.0146380357422995,UP,1.0,12.0,0.9090909090909091,11,-0.09090909090909094,RNA_UP_METHYLATION_DOWN
HNG_033683,-0.981037626964755,0.0002453535722185,0.0146380357422995,DN,0.9355217391304349,23.0,0.9537222222222224,18,0.018200483091787456,RNA_DOWN_METHYLATION_UP
Gm5833,1.8643685026842003,0.0002450731258406,0.0146380357422995,UP,0.7166521739130435,23.0,0.6173913043478261,23,-0.0992608695652174,RNA_UP_METHYLATION_DOWN
Kcnk6,0.901008925935488,0.0002466085149123,0.014662835251142,UP,0.2211935483870968,31.0,0.2777777777777778,18,0.056584229390681,RNA_UP_METHYLATION_UP
Ephx1,0.8888689884505081,0.0002464278769045,0.014662835251142,UP,0.7234615384615384,26.0,0.72665,20,0.00318846153846164,RNA_UP_METHYLATION_UP
Fanci,-0.4468652441470357,0.0002480463400114,0.0147025231225406,DN,0.5881071428571428,28.0,0.5010322580645161,31,-0.0870748847926267,RNA_DOWN_METHYLATION_DOWN
4833442J19Rik,0.5905902336081459,0.0002479000044089,0.0147025231225406,UP,0.51,20.0,0.4523333333333333,18,-0.0576666666666667,RNA_UP_METHYLATION_DOWN
Cyp26b1,1.5789311345901424,0.0002489548880005,0.0147334976507864,UP,0.9583333333333334,12.0,0.9807692307692307,13,0.022435897435897356,RNA_UP_METHYLATION_UP
Rhbdl2,1.084568886455899,0.0002508323295142,0.0148216279910491,UP,0.7046363636363636,11.0,0.8073636363636364,11,0.10272727272727278,RNA_UP_METHYLATION_UP
Rpia,-0.140045903728347,0.0002529405502536,0.0148771135351014,DN,0.08636363636363636,22.0,0.26069230769230767,39,0.1743286713286713,RNA_DOWN_METHYLATION_UP
Adcy3,-0.8688579119388429,0.0002527881239191,0.0148771135351014,DN,0.3253809523809524,21.0,0.22894736842105262,38,-0.09643358395989976,RNA_DOWN_METHYLATION_DOWN
Aass,0.6692748172175403,0.0002526381844958,0.0148771135351014,UP,0.6136956521739131,23.0,0.6701666666666667,24,0.0564710144927536,RNA_UP_METHYLATION_UP
Ndst3,1.035098241424501,0.0002538310464691,0.014906521085876,UP,0.8571428571428571,7.0,1.0,7,0.1428571428571429,RNA_UP_METHYLATION_UP
HNG_015077,0.2170648136391698,0.000254629710128,0.0149075541334468,UP,0.9249999999999999,7.0,0.919625,8,-0.005374999999999908,RNA_UP_METHYLATION_DOWN
Tfpi,0.4333492378712558,0.0002545450689695,0.0149075541334468,UP,0.9412857142857144,21.0,0.8529,20,-0.0883857142857144,RNA_UP_METHYLATION_DOWN
Smpdl3b,0.9253889106928724,0.0002559080082108,0.0149365756719027,UP,0.5664782608695652,23.0,0.46911111111111115,27,-0.09736714975845406,RNA_UP_METHYLATION_DOWN
Obfc2a,0.8080057437807824,0.0002556226748306,0.0149365756719027,UP,0.15789473684210525,19.0,0.11904761904761904,42,-0.03884711779448621,RNA_UP_METHYLATION_DOWN
Clip3,0.5509211766559758,0.0002573142123107,0.014994009293769,UP,0.30951851851851847,27.0,0.39978571428571424,28,0.09026719576719577,RNA_UP_METHYLATION_UP
Syt11,0.4754644279216879,0.0002576776196351,0.014994009293769,UP,0.53835,20.0,0.40943478260869565,23,-0.12891521739130435,RNA_UP_METHYLATION_DOWN
Gnao1,1.4158257288150693,0.0002584089068658,0.01501367548384,UP,0.5,10.0,0.17222222222222222,45,-0.3277777777777778,RNA_UP_METHYLATION_DOWN
B3gnt7,-0.5208681557859025,0.0002601600184127,0.0150801634102947,DN,0.48560606060606054,33.0,0.734375,16,0.24876893939393946,RNA_DOWN_METHYLATION_UP
Il22ra2,0.4473920210126838,0.0002603433848733,0.0150801634102947,UP,1.0,12.0,0.97225,12,-0.027750000000000052,RNA_UP_METHYLATION_DOWN
Clcn5,0.4145555513420591,0.000261094913896,0.0151007803836978,UP,0.4360833333333334,12.0,0.6428571428571429,14,0.20677380952380953,RNA_UP_METHYLATION_UP
Acox2,0.9720730583841148,0.0002617832480849,0.0151176855459879,UP,0.8888888888888888,9.0,1.0,10,0.11111111111111116,RNA_UP_METHYLATION_UP
Wdr74,-0.1475381859256659,0.000263157951167,0.0151741167854236,DN,0.3695652173913043,23.0,0.38636363636363635,22,0.01679841897233203,RNA_DOWN_METHYLATION_UP
AK037070,0.9679425134107792,0.0002643465627503,0.0152196636399796,UP,0.875,8.0,1.0,11,0.125,RNA_UP_METHYLATION_UP
Rbm44,-0.7560631431774076,0.0002651521802024,0.0152390925563714,DN,0.9222,15.0,0.7368421052631579,19,-0.18535789473684217,RNA_DOWN_METHYLATION_DOWN
Plod2,0.3345532086860983,0.0002654824622756,0.0152390925563714,UP,0.3623846153846154,26.0,0.20907894736842103,38,-0.15330566801619439,RNA_UP_METHYLATION_DOWN
Sspn,1.2771510223073557,0.0002660092222723,0.0152464024513192,UP,0.6243846153846153,39.0,0.7085714285714285,35,0.0841868131868132,RNA_UP_METHYLATION_UP
Snd1,-0.1979688586131001,0.0002677582212056,0.0153106060246893,DN,0.1411764705882353,34.0,0.06382978723404255,47,-0.07734668335419274,RNA_DOWN_METHYLATION_DOWN
Slc12a8,0.4760093217715868,0.00026793159448,0.0153106060246893,UP,0.4574285714285714,21.0,0.2873448275862069,29,-0.17008374384236452,RNA_UP_METHYLATION_DOWN
Tipin,-0.3910467205309729,0.0002693307262145,0.0153449108583806,DN,0.19791666666666666,24.0,0.30627272727272725,33,0.1083560606060606,RNA_DOWN_METHYLATION_UP
Rin2,0.5851366152222477,0.0002693359078674,0.0153449108583806,UP,0.7857142857142857,21.0,0.7341428571428571,21,-0.0515714285714286,RNA_UP_METHYLATION_DOWN
Morc1,0.5524664157388443,0.0002702238009728,0.0153496769802593,UP,0.9798181818181818,22.0,0.9523809523809523,21,-0.027437229437229482,RNA_UP_METHYLATION_DOWN
Foxd2,0.6995803728883274,0.0002698944443981,0.0153496769802593,UP,0.12202898550724638,69.0,0.10517567567567568,74,-0.016853309831570698,RNA_UP_METHYLATION_DOWN
Oas2,-0.8304348735179428,0.0002712746934421,0.015372046451954,DN,0.8785714285714287,14.0,0.8888666666666667,15,0.010295238095238024,RNA_DOWN_METHYLATION_UP
Pcdh10,0.3843481145613237,0.000271423014477,0.015372046451954,UP,0.017241379310344827,58.0,0.0,68,-0.017241379310344827,RNA_UP_METHYLATION_DOWN
Tmem125,0.4524199677219093,0.0002755699351168,0.0155607330817744,UP,0.46911111111111115,27.0,0.45625000000000004,32,-0.012861111111111101,RNA_UP_METHYLATION_DOWN
4932438H23Rik,0.3881062266788452,0.000275184031387,0.0155607330817744,UP,0.8240555555555554,18.0,0.8439047619047618,21,0.019849206349206394,RNA_UP_METHYLATION_UP
Ccrn4l,-0.3258275178788148,0.0002762772781331,0.0155776311091535,DN,0.5374347826086957,23.0,0.5897692307692307,26,0.05233444816053501,RNA_DOWN_METHYLATION_UP
App,0.3388068057639302,0.0002772817060739,0.015611205434005,UP,0.7938421052631579,19.0,0.5574464285714286,56,-0.23639567669172934,RNA_UP_METHYLATION_DOWN
Fam117a,-0.5025728906895237,0.0002811534456205,0.0158058752963601,DN,0.6508095238095238,21.0,0.4791666666666667,24,-0.17164285714285715,RNA_DOWN_METHYLATION_DOWN
Cercam,-0.2818660883153443,0.000281925870861,0.0158259916801566,DN,0.4808181818181818,33.0,0.275,50,-0.2058181818181818,RNA_DOWN_METHYLATION_DOWN
Acly,-0.1754116402392753,0.0002825641935896,0.0158385321552166,DN,0.4722222222222222,36.0,0.5200857142857143,35,0.04786349206349205,RNA_DOWN_METHYLATION_UP
Ipcef1,-0.9644040047905073,0.0002831997409888,0.0158508805176366,DN,1.0,11.0,0.9305833333333333,12,-0.06941666666666668,RNA_DOWN_METHYLATION_DOWN
Apol9b,0.6113978840682734,0.000285773980228,0.0158554714727675,UP,0.7380714285714286,14.0,0.7722,15,0.0341285714285714,RNA_UP_METHYLATION_UP
Rnaseh2b,-0.302016282492926,0.0002842715230392,0.0158554714727675,DN,0.45588235294117646,17.0,0.30625,32,-0.14963235294117644,RNA_DOWN_METHYLATION_DOWN
Ttc9,1.044585286157229,0.0002841549583468,0.0158554714727675,UP,0.18016176470588235,68.0,0.24358974358974358,39,0.06342797888386123,RNA_UP_METHYLATION_UP
1810011H11Rik,0.2929294304895773,0.0002855439423206,0.0158554714727675,UP,0.23529411764705882,17.0,0.11538461538461539,13,-0.11990950226244343,RNA_UP_METHYLATION_DOWN
Frmd6,0.4754631044475044,0.0002854072499743,0.0158554714727675,UP,0.21428571428571427,42.0,0.1476949152542373,59,-0.06659079903147697,RNA_UP_METHYLATION_DOWN
Ccnd1,0.7480928107894016,0.0002857524067945,0.0158554714727675,UP,0.011305084745762712,59.0,0.0038461538461538464,65,-0.007458930899608866,RNA_UP_METHYLATION_DOWN
Epha7,-0.6846821488512571,0.0002886524777513,0.0159857215872937,DN,0.1952380952380952,42.0,0.14583333333333334,48,-0.04940476190476187,RNA_DOWN_METHYLATION_DOWN
Rcsd1,-0.4017738127142767,0.0002889591296037,0.0159857215872937,DN,0.3636363636363636,22.0,0.37804000000000004,25,0.014403636363636452,RNA_DOWN_METHYLATION_UP
Glt8d2,0.6082588462015721,0.0002898624559219,0.0160007423549798,UP,0.5283333333333334,15.0,0.4845238095238096,21,-0.043809523809523854,RNA_UP_METHYLATION_DOWN
Scrn3,-0.2227119201905036,0.0002900689958515,0.0160007423549798,DN,0.1846756756756757,37.0,0.11402631578947368,38,-0.07064935988620201,RNA_DOWN_METHYLATION_DOWN
Ttc30a1,0.4342050646317781,0.0002913655230617,0.0160453516255412,UP,0.5263157894736842,19.0,0.4,10,-0.12631578947368416,RNA_UP_METHYLATION_DOWN
Plin2,-0.2282797470785187,0.0002917183807011,0.0160453516255412,DN,0.6973684210526315,19.0,0.5978695652173913,23,-0.09949885583524021,RNA_DOWN_METHYLATION_DOWN
Hells,-0.3282127975862066,0.0002932624631404,0.0161070715726553,DN,0.3358695652173913,46.0,0.21153846153846154,52,-0.12433110367892977,RNA_DOWN_METHYLATION_DOWN
Arhgap15,-0.615362616304294,0.0002941503366103,0.0161326244958205,DN,0.775,16.0,0.8214444444444444,18,0.0464444444444444,RNA_DOWN_METHYLATION_UP
Cacnb2,0.3190217640332511,0.0002957353537747,0.0161621217695494,UP,0.05357142857142857,28.0,0.045454545454545456,22,-0.008116883116883113,RNA_UP_METHYLATION_DOWN
Fbxo27,0.8859821423041505,0.000295958375692,0.0161621217695494,UP,0.9607647058823529,34.0,0.8519142857142857,35,-0.10885042016806712,RNA_UP_METHYLATION_DOWN
Tnfrsf13c,-0.6633605925651929,0.0002955618449373,0.0161621217695494,DN,0.3871923076923077,26.0,0.7468461538461538,13,0.3596538461538461,RNA_DOWN_METHYLATION_UP
Crim1,0.2689624246764399,0.0002968089655873,0.0161854169062887,UP,0.13819565217391305,46.0,0.21851111111111113,45,0.08031545893719808,RNA_UP_METHYLATION_UP
Ces2e,0.6701798122579139,0.0002977017327437,0.0162109422857258,UP,0.8846153846153846,13.0,0.8333,10,-0.05131538461538454,RNA_UP_METHYLATION_DOWN
5830416I19Rik,-0.5234765561596231,0.0002987743719165,0.0162461756763507,DN,0.5289565217391304,23.0,0.5976190476190476,21,0.06866252587991717,RNA_DOWN_METHYLATION_UP
March8,0.1410338058655336,0.0003011454485171,0.0163069802750648,UP,0.14,25.0,0.3090909090909091,22,0.16909090909090907,RNA_UP_METHYLATION_UP
Cdkn1c,0.576814908932632,0.0003011741877271,0.0163069802750648,UP,0.5357142857142857,14.0,0.7421320754716981,53,0.20641778975741243,RNA_UP_METHYLATION_UP
Arx,0.3187000291219689,0.0003011328230758,0.0163069802750648,UP,0.13333333333333333,30.0,0.0701578947368421,38,-0.06317543859649123,RNA_UP_METHYLATION_DOWN
Stat5b,-0.2052822844045305,0.0003034411131097,0.0163788110570747,DN,0.0962888888888889,45.0,0.471875,16,0.37558611111111107,RNA_DOWN_METHYLATION_UP
Asf1b,-0.3590744038286511,0.0003042171497292,0.0163788110570747,DN,0.10869565217391304,46.0,0.14101923076923079,52,0.032323578595317745,RNA_DOWN_METHYLATION_UP
Cecr2,-0.96444827393452,0.0003039365931316,0.0163788110570747,DN,0.08580851063829788,47.0,0.06490641025641025,78,-0.020902100381887626,RNA_DOWN_METHYLATION_DOWN
Gm15663,0.7365476738818268,0.0003031708157906,0.0163788110570747,UP,0.028175257731958763,97.0,0.06363265306122448,98,0.035457395329265715,RNA_UP_METHYLATION_UP
Cmtm4,0.4120334591159826,0.0003048850034366,0.0163916483819473,UP,0.3888888888888889,27.0,0.25,40,-0.1388888888888889,RNA_UP_METHYLATION_DOWN
Zfp120,0.3893361823028485,0.0003071528239465,0.0164903482358494,UP,0.6875,8.0,0.4139166666666667,12,-0.2735833333333333,RNA_UP_METHYLATION_DOWN
Mt1,1.3263245846040812,0.0003081338674259,0.016519783690146,UP,0.4028,30.0,0.4234375,32,0.02063750000000003,RNA_UP_METHYLATION_UP
HAG_034769,1.005859106178174,0.0003106066663675,0.0166290009377039,UP,0.8223181818181818,22.0,0.9347826086956522,23,0.11246442687747038,RNA_UP_METHYLATION_UP
HNG_018633,0.7200980673038444,0.0003146309047346,0.0168208555959824,UP,0.8153846153846154,26.0,0.7460476190476191,21,-0.0693369963369963,RNA_UP_METHYLATION_DOWN
Ryk,0.5937614546951808,0.0003151545957911,0.0168252884343231,UP,0.17659574468085107,47.0,0.39525714285714286,35,0.2186613981762918,RNA_UP_METHYLATION_UP
Gpr146,0.5798167186358922,0.0003174957811964,0.016843853635611,UP,0.02666,50.0,0.16666666666666666,51,0.14000666666666667,RNA_UP_METHYLATION_UP
9230112J17Rik,0.5517774562203797,0.0003174110376571,0.016843853635611,UP,0.7979999999999999,25.0,0.88,25,0.08200000000000007,RNA_UP_METHYLATION_UP
Pole3,-0.1900914302273681,0.0003177086507817,0.016843853635611,DN,0.13205128205128205,39.0,0.19024242424242427,33,0.058191142191142214,RNA_DOWN_METHYLATION_UP
Tm7sf4,-0.3548110358952481,0.0003161952361964,0.016843853635611,DN,0.9375,16.0,0.8235294117647058,17,-0.11397058823529416,RNA_DOWN_METHYLATION_DOWN
Dlst,-0.1701277006952644,0.0003173130830276,0.016843853635611,DN,0.5057826086956522,23.0,0.2727317073170732,41,-0.23305090137857898,RNA_DOWN_METHYLATION_DOWN
Fkbp5,-0.2337782634085723,0.0003216229324074,0.0170277261801057,DN,0.48038888888888887,54.0,0.5010769230769231,39,0.02068803418803422,RNA_DOWN_METHYLATION_UP
Mex3b,-0.6807087692330454,0.000324878122869,0.0171762433603275,DN,0.0,44.0,0.0,79,0.0,insufficient_WGBS_data
Itga3,0.8963011215203132,0.0003293167628294,0.0173668391241485,UP,0.2935882352941177,34.0,0.15384615384615385,52,-0.13974208144796385,RNA_UP_METHYLATION_DOWN
Irf6,0.663262468789636,0.0003293930505575,0.0173668391241485,UP,0.6482758620689656,29.0,0.49779411764705883,34,-0.15048174442190676,RNA_UP_METHYLATION_DOWN
Rad18,-0.3987225566789645,0.0003311365156982,0.0174346801065271,DN,0.5701034482758621,29.0,0.52984,25,-0.040263448275862146,RNA_DOWN_METHYLATION_DOWN
Gucy1a2,0.7882679018897014,0.0003322869642814,0.017471154270734,UP,0.28787857142857143,42.0,0.041666666666666664,24,-0.24621190476190477,RNA_UP_METHYLATION_DOWN
Tgfb3,0.6889144987935611,0.0003344753788118,0.017513846584371,UP,0.20723684210526316,38.0,0.16693617021276597,47,-0.0403006718924972,RNA_UP_METHYLATION_DOWN
Chac2,0.6169905697636833,0.0003341800079298,0.017513846584371,UP,0.29633333333333334,9.0,0.19211111111111112,9,-0.10422222222222222,RNA_UP_METHYLATION_DOWN
Nfatc1,-0.2562052069577261,0.0003339603895252,0.017513846584371,DN,0.0,40.0,0.008405479452054795,73,0.008405479452054795,RNA_DOWN_METHYLATION_UP
HNG_041984,-0.3585174763373201,0.0003398108901966,0.0177688510966957,DN,0.47878571428571426,14.0,0.5714285714285714,14,0.09264285714285714,RNA_DOWN_METHYLATION_UP
Gadd45a,-0.3486377970433816,0.0003412425006774,0.0178193005962497,DN,0.6374545454545455,22.0,0.5922499999999999,28,-0.04520454545454555,RNA_DOWN_METHYLATION_DOWN
Tmem50b,0.601083056012782,0.0003435521533172,0.0178963328684238,UP,0.37678260869565217,23.0,0.23684210526315788,38,-0.13994050343249428,RNA_UP_METHYLATION_DOWN
Rhoj,1.1891971709646922,0.0003436553492757,0.0178963328684238,UP,0.48,25.0,0.5,26,0.020000000000000018,RNA_UP_METHYLATION_UP
Krt8,0.699417173573841,0.000345170103044,0.0179507263942726,UP,0.8033846153846155,13.0,0.7444666666666666,15,-0.058917948717948865,RNA_UP_METHYLATION_DOWN
HNG_018104,-0.7347775790147089,0.0003459037525068,0.0179644054975414,DN,1.0,7.0,1.0,9,0.0,insufficient_WGBS_data
Sec16b,-0.401974960829158,0.0003482151104089,0.0180353693277215,DN,0.9807692307692307,13.0,1.0,10,0.019230769230769273,RNA_DOWN_METHYLATION_UP
Fam46c,1.3320338326862564,0.0003479412350589,0.0180353693277215,UP,0.24,50.0,0.2440625,48,0.004062499999999997,RNA_UP_METHYLATION_UP
Far1,0.2230165193192599,0.0003514905538159,0.0181803488079412,UP,0.2212121212121212,33.0,0.11743181818181818,44,-0.10378030303030301,RNA_UP_METHYLATION_DOWN
Kcng2,-0.6403874784918573,0.000353333443781,0.0182509393992036,DN,0.7111379310344828,29.0,0.8008260869565218,23,0.08968815592203905,RNA_DOWN_METHYLATION_UP
Slc43a2,-0.243114889977174,0.0003542430187781,0.018273195287566,DN,0.12036111111111111,36.0,0.10494117647058825,68,-0.015419934640522867,RNA_DOWN_METHYLATION_DOWN
Slc16a12,0.9039250515724097,0.000354942043018,0.0182845447585478,UP,0.5198529411764706,34.0,0.5618387096774194,31,0.04198576850094882,RNA_UP_METHYLATION_UP
Fkbp10,0.8245056724146376,0.0003589289215973,0.0184573143012055,UP,0.07042253521126761,71.0,0.030303030303030304,33,-0.040119504908237305,RNA_UP_METHYLATION_DOWN
HAG_026562,0.2284933909201481,0.0003592629290002,0.0184573143012055,UP,0.8964500000000001,20.0,0.9596470588235294,17,0.06319705882352933,RNA_UP_METHYLATION_UP
Gnb5,0.5300451340536947,0.0003597985036667,0.0184599845187741,UP,0.9714285714285714,14.0,0.9121363636363636,22,-0.059292207792207785,RNA_UP_METHYLATION_DOWN
Nudt5,-0.1921238723465386,0.0003604401063595,0.0184680801878626,DN,0.19102222222222223,45.0,0.15853658536585366,41,-0.03248563685636857,RNA_DOWN_METHYLATION_DOWN
HAG_014083,1.1201136997928025,0.0003656238441879,0.0186929172549875,UP,0.3409090909090909,11.0,0.41209090909090906,11,0.07118181818181818,RNA_UP_METHYLATION_UP
Cyb561,0.8526199609337639,0.0003662973411592,0.0186929172549875,UP,0.9598125,16.0,0.19186046511627908,43,-0.7679520348837209,RNA_UP_METHYLATION_DOWN
1700054N08Rik,-0.5880041981342039,0.0003660778528247,0.0186929172549875,DN,0.8670555555555555,18.0,0.946375,16,0.0793194444444445,RNA_DOWN_METHYLATION_UP
Car5b,0.6682856148332341,0.0003677380962265,0.018716398145548,UP,0.14285714285714285,14.0,0.4666666666666667,15,0.3238095238095238,RNA_UP_METHYLATION_UP
Zfp759,0.2453178537035367,0.0003673517021994,0.018716398145548,UP,0.756235294117647,17.0,0.646875,24,-0.10936029411764703,RNA_UP_METHYLATION_DOWN
Zfp763,0.1803959794172591,0.0003686514069435,0.0187378981436069,UP,0.4742222222222222,18.0,0.35714285714285715,14,-0.11707936507936506,RNA_UP_METHYLATION_DOWN
Herc3,0.2741359536619683,0.0003703574941219,0.0187995828000311,UP,0.2916875,16.0,0.15517241379310345,29,-0.13651508620689654,RNA_UP_METHYLATION_DOWN
HAG_041700,0.8977852129052915,0.0003716297373089,0.0188391106674063,UP,1.0,7.0,1.0,4,0.0,insufficient_WGBS_data
Hsbp1l1,0.5008380485218713,0.000374370852466,0.0189528967908957,UP,0.8157894736842105,19.0,0.6071428571428571,14,-0.2086466165413534,RNA_UP_METHYLATION_DOWN
Gpr183,3.436669951878553,0.0003782622967446,0.0191245409156771,UP,0.825,10.0,0.72575,12,-0.09924999999999995,RNA_UP_METHYLATION_DOWN
Acer2,0.5390157985807829,0.0003796222787291,0.0191679122005952,UP,0.2390625,32.0,0.4274193548387097,31,0.18835685483870968,RNA_UP_METHYLATION_UP
Arhgap28,0.3176966369811076,0.0003845392018346,0.0193649477736571,UP,0.03225806451612903,31.0,0.13099999999999998,26,0.09874193548387095,RNA_UP_METHYLATION_UP
Sult1a1,1.976413272555744,0.0003845204616106,0.0193649477736571,UP,0.68214,10.0,0.7142857142857143,14,0.03214571428571433,RNA_UP_METHYLATION_UP
HAG_004380,0.1954750833240757,0.0003859205597595,0.0193833679041314,UP,0.7938421052631579,19.0,0.899125,16,0.10528289473684205,RNA_UP_METHYLATION_UP
Elfn2,-0.1000430534583405,0.0003855375755344,0.0193833679041314,DN,0.12398214285714285,56.0,0.0775090909090909,55,-0.046473051948051944,RNA_DOWN_METHYLATION_DOWN
Gprc5a,0.9943399281062806,0.0003868623199093,0.0194004088545476,UP,0.6798421052631579,38.0,0.4301489361702127,47,-0.2496931690929452,RNA_UP_METHYLATION_DOWN
Plxnb2,0.604643251810896,0.0003872763163356,0.0194004088545476,UP,0.13821951219512194,41.0,0.25678,50,0.11856048780487807,RNA_UP_METHYLATION_UP
HNG_025375,0.4771715998441074,0.0003903351011339,0.0194487040249798,UP,1.0,3.0,0.6,5,-0.4,RNA_UP_METHYLATION_DOWN
Cldn12,0.7293176343872867,0.0003898597300579,0.0194487040249798,UP,0.5333333333333333,15.0,0.6720625,16,0.13872916666666668,RNA_UP_METHYLATION_UP
Pdap1,-0.2855396592370889,0.0003912185890041,0.0194487040249798,DN,0.18737096774193548,62.0,0.16004285714285713,70,-0.02732811059907836,RNA_DOWN_METHYLATION_DOWN
Adap1,-0.321168258546515,0.0003897532403987,0.0194487040249798,DN,0.46237142857142854,35.0,0.4850444444444445,45,0.022673015873015956,RNA_DOWN_METHYLATION_UP
Cpeb2,0.5571963560102446,0.0003912974088647,0.0194487040249798,UP,0.034482758620689655,29.0,0.022727272727272728,44,-0.011755485893416927,RNA_UP_METHYLATION_DOWN
Myh14,1.4997876033566562,0.000391244803768,0.0194487040249798,UP,0.8571,10.0,0.7916666666666666,6,-0.06543333333333334,RNA_UP_METHYLATION_DOWN
Col8a2,0.2699335583439101,0.0003920685157981,0.0194616897074752,UP,0.7576363636363636,11.0,0.6935882352941176,17,-0.06404812834224594,RNA_UP_METHYLATION_DOWN
Relt,-0.5407652314129452,0.0003947162900752,0.0195422960113506,DN,0.6356875,32.0,0.9166666666666666,12,0.28097916666666667,RNA_DOWN_METHYLATION_UP
Tesc,-0.2361266369140695,0.0003945257665734,0.0195422960113506,DN,0.09875925925925927,54.0,0.0843235294117647,34,-0.014435729847494569,RNA_DOWN_METHYLATION_DOWN
Nrxn2,0.9799961031065751,0.0003952285866122,0.0195423129639394,UP,0.44047619047619047,21.0,0.2096578947368421,38,-0.23081829573934837,RNA_UP_METHYLATION_DOWN
Ifih1,0.2915917503940495,0.0003971156799294,0.0196102195786127,UP,0.36153846153846153,26.0,0.3931538461538462,26,0.031615384615384656,RNA_UP_METHYLATION_UP
4930515G01Rik,-0.8108037186720791,0.0004009090164269,0.0196198704808347,DN,0.04963829787234043,47.0,0.13709677419354838,62,0.08745847632120796,RNA_DOWN_METHYLATION_UP
Rftn1,0.410902257438015,0.0004000663970305,0.0196198704808347,UP,0.43529411764705883,34.0,0.4322916666666667,48,-0.003002450980392146,RNA_UP_METHYLATION_DOWN
Il12rb2,-1.4226976437850172,0.0003988750876524,0.0196198704808347,DN,0.5092777777777777,18.0,0.36418518518518517,27,-0.14509259259259255,RNA_DOWN_METHYLATION_DOWN
Uchl1,0.6567437510788592,0.0003979154600533,0.0196198704808347,UP,0.17832,25.0,0.16206896551724134,29,-0.016251034482758664,RNA_UP_METHYLATION_DOWN
Tjp1,-0.6741857157158293,0.0003997037689201,0.0196198704808347,DN,0.24007142857142857,42.0,0.1987179487179487,39,-0.04135347985347987,RNA_DOWN_METHYLATION_DOWN
Rnpep,-0.3350719868259073,0.0003984607700156,0.0196198704808347,DN,0.6,15.0,0.5,18,-0.09999999999999998,RNA_DOWN_METHYLATION_DOWN
Fam189a2,0.8595708452949969,0.0004007610942817,0.0196198704808347,UP,0.6910714285714287,14.0,0.31255263157894736,38,-0.3785187969924813,RNA_UP_METHYLATION_DOWN
Dtnbp1,-0.2631536731492154,0.0004041389954576,0.0197273577168916,DN,0.5414736842105263,19.0,0.20710416666666664,48,-0.3343695175438597,RNA_DOWN_METHYLATION_DOWN
Agfg2,-0.2883969590329416,0.0004038280195518,0.0197273577168916,DN,0.2926315789473684,38.0,0.27941176470588236,34,-0.01321981424148605,RNA_DOWN_METHYLATION_DOWN
Smad3,0.1161759113087725,0.0004053958436864,0.0197634356899083,UP,0.014150943396226415,53.0,0.051833333333333335,36,0.03768238993710692,RNA_UP_METHYLATION_UP
Kcna3,-0.8425538914168444,0.0004074576327671,0.0198386132117209,DN,0.18571428571428572,35.0,0.19777777777777777,45,0.012063492063492054,RNA_DOWN_METHYLATION_UP
Armcx2,0.138256853330521,0.0004096040521001,0.0199177144926966,UP,0.375,8.0,0.5714285714285714,7,0.1964285714285714,RNA_UP_METHYLATION_UP
Mtmr12,-0.2255946635759018,0.0004127081110007,0.0200176544004075,DN,0.39812903225806445,31.0,0.2857142857142857,42,-0.11241474654377875,RNA_DOWN_METHYLATION_DOWN
Slc7a7,0.6980285453804314,0.000412582244796,0.0200176544004075,UP,0.82835,20.0,0.7750416666666666,24,-0.0533083333333334,RNA_UP_METHYLATION_DOWN
Lrrc1,-0.1885499177092127,0.0004135349344045,0.0200323039544291,DN,0.17346938775510204,49.0,0.17391304347826086,46,0.0004436557231588256,RNA_DOWN_METHYLATION_UP
Sh2d5,-0.8098160338671336,0.000414407512206,0.0200491299821647,DN,0.34444,25.0,0.3058611111111111,36,-0.03857888888888894,RNA_DOWN_METHYLATION_DOWN
Abcg3,0.2939058575115556,0.0004150994309275,0.0200571841485642,UP,0.7291875,32.0,0.7174878048780489,41,-0.011699695121951126,RNA_UP_METHYLATION_DOWN
Epha1,0.7229584197037853,0.0004187288064911,0.0202069734530702,UP,0.377,18.0,0.6055833333333333,12,0.22858333333333325,RNA_UP_METHYLATION_UP
Gstm7,0.7717169735174192,0.0004194045278558,0.0202140273198411,UP,0.8245,24.0,0.7967083333333332,24,-0.02779166666666677,RNA_UP_METHYLATION_DOWN
Aplp1,0.4745462609220582,0.0004205542469205,0.0202183837700899,UP,0.8882380952380952,21.0,0.42514285714285716,42,-0.463095238095238,RNA_UP_METHYLATION_DOWN
Raver2,0.4839781585794469,0.0004200899293909,0.0202183837700899,UP,0.2575681818181818,44.0,0.6446428571428572,28,0.3870746753246754,RNA_UP_METHYLATION_UP
HAG_021167,0.4581257932193767,0.0004211409663577,0.0202211232299467,UP,0.8789166666666667,12.0,0.8611666666666666,12,-0.017750000000000044,RNA_UP_METHYLATION_DOWN
HNG_019078,-0.9621251966778032,0.0004281025021873,0.0204164770882419,DN,0.9553333333333334,12.0,0.8145714285714286,14,-0.14076190476190475,RNA_DOWN_METHYLATION_DOWN
H2afx,-0.4521448955974287,0.000427609006535,0.0204164770882419,DN,0.5813953488372093,43.0,0.47923529411764704,51,-0.1021600547195623,RNA_DOWN_METHYLATION_DOWN
Stk38l,0.2787194921687286,0.0004261182687027,0.0204164770882419,UP,0.7,25.0,0.4782608695652174,23,-0.22173913043478255,RNA_UP_METHYLATION_DOWN
Fam81a,0.1727870451762281,0.0004274384143576,0.0204164770882419,UP,0.6824137931034483,29.0,0.606896551724138,29,-0.07551724137931026,RNA_UP_METHYLATION_DOWN
9130023H24Rik,0.464120829994334,0.0004273841337973,0.0204164770882419,UP,0.2422962962962963,27.0,0.20071739130434785,46,-0.04157890499194844,RNA_UP_METHYLATION_DOWN
Nop58,-0.2077584657711728,0.0004284186877208,0.0204164770882419,DN,0.175,16.0,0.2857142857142857,21,0.11071428571428571,RNA_DOWN_METHYLATION_UP
Aurka,-0.5395954250293826,0.0004300290440556,0.0204421776708497,DN,0.043478260869565216,46.0,0.03461538461538462,65,-0.008862876254180599,RNA_DOWN_METHYLATION_DOWN
Ttyh2,-0.6258053009488376,0.0004296108164425,0.0204421776708497,DN,0.6071428571428571,28.0,0.5416666666666666,24,-0.06547619047619047,RNA_DOWN_METHYLATION_DOWN
Lpl,1.2641149835949772,0.0004305659458311,0.0204422428908783,UP,0.6136363636363636,22.0,0.6559642857142858,28,0.04232792207792213,RNA_UP_METHYLATION_UP
HAG_000873,-0.806841804147584,0.0004348307539492,0.0205186437871845,DN,0.6922592592592592,27.0,0.7536521739130435,23,0.06139291465378427,RNA_DOWN_METHYLATION_UP
Plekhb1,0.6996180928839659,0.0004355248962981,0.0205186437871845,UP,0.69478125,32.0,0.6371428571428571,35,-0.057638392857142895,RNA_UP_METHYLATION_DOWN
Kynu,-0.5664525537802794,0.0004358605225793,0.0205186437871845,DN,0.9013333333333333,9.0,1.0,10,0.09866666666666668,RNA_DOWN_METHYLATION_UP
6230409E13Rik,0.5141175216006673,0.0004328016630321,0.0205186437871845,UP,0.3737027027027027,37.0,0.8872352941176471,17,0.5135325914149445,RNA_UP_METHYLATION_UP
HNG_020244,0.3774015016252763,0.0004359378631302,0.0205186437871845,UP,0.881578947368421,19.0,0.8071428571428572,28,-0.07443609022556386,RNA_UP_METHYLATION_DOWN
Htra3,0.5532503308803267,0.0004338782209583,0.0205186437871845,UP,0.8625,10.0,0.9166666666666666,12,0.054166666666666585,RNA_UP_METHYLATION_UP
Amotl2,1.3809941689696537,0.0004333348439559,0.0205186437871845,UP,0.1744186046511628,43.0,0.27148076923076925,52,0.09706216457960645,RNA_UP_METHYLATION_UP
Clstn2,0.1650224232900968,0.0004382583314511,0.0205659311785746,UP,0.20833333333333334,30.0,0.39103846153846156,26,0.18270512820512821,RNA_UP_METHYLATION_UP
HNG_025223,1.3909217535880076,0.0004390823319307,0.0205659311785746,UP,0.6932258064516129,31.0,0.8040540540540541,37,0.11082824760244114,RNA_UP_METHYLATION_UP
Ikzf1,-0.2855379533609419,0.0004384928226845,0.0205659311785746,DN,0.23736363636363636,33.0,0.36665714285714285,35,0.1292935064935065,RNA_DOWN_METHYLATION_UP
HAG_014272,-0.2620357442316585,0.0004390976084705,0.0205659311785746,DN,0.875,12.0,0.9444444444444444,9,0.06944444444444442,RNA_DOWN_METHYLATION_UP
HAG_015502,0.2509436227861732,0.0004408831135412,0.0206242527084534,UP,0.4807692307692308,26.0,0.5348571428571428,28,0.05408791208791203,RNA_UP_METHYLATION_UP
Tubg2,0.8115541455521702,0.0004458869274123,0.0208073298205187,UP,0.8906666666666666,12.0,0.4916875,16,-0.3989791666666666,RNA_UP_METHYLATION_DOWN
Batf2,0.7100951398139848,0.0004453831208477,0.0208073298205187,UP,0.8135238095238095,21.0,0.7257083333333334,24,-0.08781547619047614,RNA_UP_METHYLATION_DOWN
C1qtnf6,0.373930261288752,0.000448132231335,0.0208611018713698,UP,0.6666923076923078,26.0,0.7729166666666667,24,0.10622435897435889,RNA_UP_METHYLATION_UP
Dmd,0.400305056226002,0.0004479746783253,0.0208611018713698,UP,1.0,3.0,0.6666666666666666,3,-0.33333333333333337,RNA_UP_METHYLATION_DOWN
Arap3,-1.0342420439009476,0.0004493641258978,0.020892968835288,DN,0.4486923076923077,13.0,0.51905,20,0.07035769230769229,RNA_DOWN_METHYLATION_UP
Zc3hav1,-0.3207718242961963,0.0004514280300756,0.0209633950900826,DN,0.3339666666666667,30.0,0.24705882352941178,34,-0.08690784313725491,RNA_DOWN_METHYLATION_DOWN
Slc44a2,-0.1236039735350003,0.0004524679649737,0.0209861569367918,DN,0.49276190476190473,21.0,0.5285,18,0.035738095238095235,RNA_DOWN_METHYLATION_UP
Cd276,1.0952039306421373,0.0004547581113042,0.0210667798843511,UP,0.4160714285714286,14.0,0.3948888888888889,18,-0.02118253968253969,RNA_UP_METHYLATION_DOWN
HAG_028290,1.1418081887983274,0.0004560785468994,0.0211023397481777,UP,0.9778,10.0,0.375,8,-0.6028,RNA_UP_METHYLATION_DOWN
Selm,0.9576900371073576,0.0004579040734905,0.0211100414170081,UP,0.46668,25.0,0.45003333333333334,30,-0.016646666666666643,RNA_UP_METHYLATION_DOWN
Hyal3,-0.4188434672743581,0.0004577652673394,0.0211100414170081,DN,0.1,30.0,0.11666666666666667,30,0.016666666666666663,RNA_DOWN_METHYLATION_UP
Haao,-1.0193147371921016,0.0004577060595417,0.0211100414170081,DN,0.6746190476190476,21.0,0.9359230769230769,13,0.2613040293040293,RNA_DOWN_METHYLATION_UP
BC024571,0.6719365719064356,0.0004585853878085,0.0211159486410479,UP,0.8120588235294117,17.0,0.9404761904761905,21,0.12841736694677874,RNA_UP_METHYLATION_UP
Bcas1,-0.3262901114796949,0.000459355668657,0.0211259332337091,DN,0.9178095238095239,21.0,0.9421052631578947,19,0.024295739348370815,RNA_DOWN_METHYLATION_UP
HNG_014798,1.5979006064712222,0.0004610417246525,0.0211779599439671,UP,0.8380952380952381,21.0,0.69645,20,-0.1416452380952381,RNA_UP_METHYLATION_DOWN
Hars,-0.179264624284122,0.000464319274823,0.0213028790367117,DN,0.7380714285714286,14.0,0.2647058823529412,34,-0.4733655462184874,RNA_DOWN_METHYLATION_DOWN
2810055F11Rik,0.3912417460658324,0.0004694741553913,0.021513526362064,UP,0.02702702702702703,74.0,0.029411764705882353,68,0.002384737678855324,RNA_UP_METHYLATION_UP
Panx2,0.8296721941152327,0.0004714506353755,0.0215626417674009,UP,0.47355172413793106,29.0,0.4571428571428572,28,-0.01640886699507388,RNA_UP_METHYLATION_DOWN
Cadm1,1.0143939170272895,0.000471675727648,0.0215626417674009,UP,0.16420588235294117,34.0,0.11387096774193549,62,-0.050334914611005685,RNA_UP_METHYLATION_DOWN
Hmgn3,0.4181146909821622,0.0004737270483618,0.0216305130263995,UP,0.5454545454545454,22.0,0.5086206896551724,29,-0.03683385579937304,RNA_UP_METHYLATION_DOWN
Col22a1,-0.4764652785146954,0.0004774731084934,0.0216397456556582,DN,0.92,15.0,0.6107142857142857,28,-0.3092857142857144,RNA_DOWN_METHYLATION_DOWN
Cables1,-0.2886681468810668,0.0004768318587599,0.0216397456556582,DN,0.4942857142857142,35.0,0.5049117647058824,34,0.010626050420168176,RNA_DOWN_METHYLATION_UP
Nupr1,2.362227351121006,0.0004767684634889,0.0216397456556582,UP,0.607625,16.0,0.6943333333333334,12,0.08670833333333339,RNA_UP_METHYLATION_UP
HNG_010852,0.6616421018151983,0.0004775899832872,0.0216397456556582,UP,0.7621538461538461,13.0,0.7424285714285714,14,-0.019725274725274633,RNA_UP_METHYLATION_DOWN
Cdh22,0.9111410916816324,0.0004752474517335,0.0216397456556582,UP,0.6273333333333334,24.0,0.5829629629629629,27,-0.044370370370370504,RNA_UP_METHYLATION_DOWN
Fkbpl,0.4910867570840938,0.000477897558098,0.0216397456556582,UP,0.5642857142857143,35.0,0.6291923076923077,26,0.06490659340659344,RNA_UP_METHYLATION_UP
Stxbp4,0.5913527148532927,0.0004754103608069,0.0216397456556582,UP,0.20276666666666668,30.0,0.19732,25,-0.005446666666666683,RNA_UP_METHYLATION_DOWN
Tmem161b,0.2975975485103399,0.0004797402441412,0.0216954550513062,UP,0.23809523809523808,21.0,0.6363636363636364,11,0.39826839826839827,RNA_UP_METHYLATION_UP
Bcl2,0.325394189528752,0.0004806812277932,0.0216954550513062,UP,0.6354375,16.0,0.2909090909090909,22,-0.3445284090909091,RNA_UP_METHYLATION_DOWN
Sdhaf2,0.1304521745731186,0.0004808329396784,0.0216954550513062,UP,0.026955882352941177,68.0,0.047619047619047616,42,0.02066316526610644,RNA_UP_METHYLATION_UP
Tle4,-0.2685083570170095,0.0004834181082818,0.0217676040350584,DN,0.22701724137931034,58.0,0.20378823529411763,85,-0.02322900608519271,RNA_DOWN_METHYLATION_DOWN
Acvr2a,0.2574605279869253,0.0004835724672987,0.0217676040350584,UP,0.15571428571428572,35.0,0.2793333333333334,15,0.12361904761904766,RNA_UP_METHYLATION_UP
Tgm5,-0.5668649123492939,0.0004843043673144,0.0217748719777687,DN,0.781,16.0,0.7249473684210527,19,-0.056052631578947354,RNA_DOWN_METHYLATION_DOWN
S100a3,0.2080984062305666,0.0004858251188471,0.0218175487489804,UP,0.9,10.0,0.9,10,0.0,insufficient_WGBS_data
Srxn1,0.6968062378506437,0.0004872952721853,0.021857855616756,UP,0.146,25.0,0.1774193548387097,31,0.031419354838709695,RNA_UP_METHYLATION_UP
Csf1,0.191100503802378,0.0004883233389661,0.0218672067929182,UP,0.6153846153846154,26.0,0.6663214285714286,28,0.0509368131868132,RNA_UP_METHYLATION_UP
Wars2,0.4835084614107003,0.000488649465429,0.0218672067929182,UP,0.29572,25.0,0.37258064516129036,31,0.07686064516129038,RNA_UP_METHYLATION_UP
6030498E09Rik,-0.5511176871426393,0.0004928686084513,0.0220301879646439,DN,0.0,1.0,0.0,6,0.0,insufficient_WGBS_data
4930523C07Rik,-0.4996098837830578,0.0004937813919291,0.0220417400151997,DN,0.9482142857142858,28.0,0.6428571428571429,35,-0.3053571428571429,RNA_DOWN_METHYLATION_DOWN
Peg10,-0.4796450200598539,0.0004942819200725,0.0220417400151997,DN,0.328275,40.0,0.436,51,0.10772500000000002,RNA_DOWN_METHYLATION_UP
Ahcyl1,0.1333040944444832,0.0004949638159925,0.0220463929802417,UP,0.24677272727272728,22.0,0.275,30,0.02822727272727274,RNA_UP_METHYLATION_UP
Cd34,-0.9695967719880798,0.0004967973929834,0.0220508721918169,DN,0.5686470588235294,17.0,0.7142857142857143,14,0.1456386554621849,RNA_DOWN_METHYLATION_UP
Clnk,-1.070661213767309,0.0004960660749453,0.0220508721918169,DN,0.9334,5.0,0.6666666666666666,6,-0.2667333333333334,RNA_DOWN_METHYLATION_DOWN
Skint3,-0.8239331255104534,0.0004965057045238,0.0220508721918169,DN,0.9375,8.0,0.8125,8,-0.125,RNA_DOWN_METHYLATION_DOWN
Ptgds,0.3159717560292527,0.0005007929487905,0.0221766455234706,UP,0.8966666666666666,15.0,0.7802727272727273,11,-0.11639393939393927,RNA_UP_METHYLATION_DOWN
Il17rc,0.8302875218437737,0.0005006100327116,0.0221766455234706,UP,0.8245789473684211,19.0,0.5617500000000001,24,-0.262828947368421,RNA_UP_METHYLATION_DOWN
Snx27,-0.1408273271752289,0.0005015675212514,0.0221852090628139,DN,0.6167,10.0,0.5661764705882353,17,-0.050523529411764745,RNA_DOWN_METHYLATION_DOWN
Stk39,0.3212527515166079,0.0005031819458117,0.0222308579114886,UP,0.2489,30.0,0.20512820512820512,39,-0.04377179487179489,RNA_UP_METHYLATION_DOWN
Cd200r4,0.8489191176030466,0.000506196527157,0.0223079371912465,UP,0.8571428571428571,7.0,0.9285714285714286,7,0.07142857142857151,RNA_UP_METHYLATION_UP
Map2k6,-0.5436106971421668,0.0005066798057427,0.0223079371912465,DN,0.5432432432432432,37.0,0.6218076923076924,26,0.07856444906444915,RNA_DOWN_METHYLATION_UP
Ptgs1,0.1585158994466109,0.0005059682302191,0.0223079371912465,UP,0.35714285714285715,14.0,0.42857142857142855,14,0.0714285714285714,RNA_UP_METHYLATION_UP
Amn1,0.3586822236284641,0.0005102496686053,0.0224392285138288,UP,0.8901363636363636,22.0,0.7020303030303031,33,-0.1881060606060605,RNA_UP_METHYLATION_DOWN
Mpp6,0.3958195710242727,0.0005139929846876,0.02255188530057,UP,0.23157894736842108,38.0,0.2896666666666667,21,0.058087719298245605,RNA_UP_METHYLATION_UP
HAG_023738,0.1992347384734358,0.0005135634711388,0.02255188530057,UP,0.3333333333333333,27.0,0.3232758620689655,29,-0.01005747126436779,RNA_UP_METHYLATION_DOWN
Samd14,-0.6037008537578457,0.0005166877214444,0.0226181235125902,DN,0.3125,32.0,0.22434615384615386,26,-0.08815384615384614,RNA_DOWN_METHYLATION_DOWN
Ttc26,0.4811011801389284,0.0005161938589843,0.0226181235125902,UP,0.13490476190476192,21.0,0.37037037037037035,27,0.23546560846560843,RNA_UP_METHYLATION_UP
Traf5,-0.4735714770791301,0.0005185763601373,0.0226747958982397,DN,0.35344827586206895,29.0,0.26202631578947366,38,-0.09142196007259529,RNA_DOWN_METHYLATION_DOWN
Kcnj2,0.5840964980461376,0.0005194959695783,0.0226890161907829,UP,0.061875,40.0,0.10526315789473684,38,0.04338815789473684,RNA_UP_METHYLATION_UP
Dbndd2,0.6470944268809169,0.0005205278625648,0.0227081023655139,UP,0.49864,25.0,0.5353636363636363,33,0.036723636363636236,RNA_UP_METHYLATION_UP
Mthfd2,-0.5687496586235303,0.0005268167986721,0.0229037895410162,DN,0.4,10.0,0.6153846153846154,13,0.2153846153846154,RNA_DOWN_METHYLATION_UP
Dvl2,-0.2003635576184086,0.0005267304310682,0.0229037895410162,DN,0.8052631578947369,38.0,0.7168163265306123,49,-0.08844683136412457,RNA_DOWN_METHYLATION_DOWN
HNG_045071,0.4029471223133613,0.0005259343251437,0.0229037895410162,UP,0.9285714285714286,7.0,1.0,2,0.0714285714285714,RNA_UP_METHYLATION_UP
Slc29a1,-0.5127594411576775,0.0005274135755672,0.0229037895410162,DN,0.7166666666666667,30.0,0.7575757575757576,33,0.040909090909090895,RNA_DOWN_METHYLATION_UP
Gpr126,0.9048606906821433,0.0005287977573364,0.022937804537553,UP,0.09629113924050632,79.0,0.13276271186440677,59,0.03647157262390045,RNA_UP_METHYLATION_UP
Apcdd1,-0.61189191976899,0.0005328327282884,0.023086595805026,DN,0.3023928571428571,28.0,0.18389655172413794,29,-0.11849630541871914,RNA_DOWN_METHYLATION_DOWN
Nrk,-1.3222229469904765,0.0005344697608946,0.0230946311106648,DN,0.09523809523809523,21.0,0.045454545454545456,33,-0.04978354978354978,RNA_DOWN_METHYLATION_DOWN
Gem,1.4758849353006471,0.0005336798590549,0.0230946311106648,UP,0.38571428571428573,35.0,0.36772499999999997,40,-0.017989285714285763,RNA_UP_METHYLATION_DOWN
Erp27,1.0691061856459827,0.0005348332259726,0.0230946311106648,UP,0.9328064516129033,31.0,0.9237777777777778,36,-0.009028673835125511,RNA_UP_METHYLATION_DOWN
Abcg4,-1.417473984423274,0.0005365886075318,0.0231442489567303,DN,0.5198064516129033,31.0,0.4269230769230769,39,-0.09288337468982638,RNA_DOWN_METHYLATION_DOWN
Hmbs,-0.367944119341117,0.0005391645854784,0.0232029205827335,DN,0.6666666666666666,6.0,0.6625,10,-0.004166666666666652,RNA_DOWN_METHYLATION_DOWN
Rrp12,-0.2281160609534529,0.0005389872431059,0.0232029205827335,DN,0.5482666666666667,30.0,0.5398108108108108,37,-0.008455855855855843,RNA_DOWN_METHYLATION_DOWN
Cnksr1,1.0756507733005676,0.0005429073428979,0.0233376791588961,UP,0.5384615384615384,26.0,0.38571428571428573,28,-0.1527472527472527,RNA_UP_METHYLATION_DOWN
Best1,0.5592491847166874,0.0005443901413268,0.0233750961470533,UP,0.9667,10.0,0.8863636363636364,11,-0.08033636363636365,RNA_UP_METHYLATION_DOWN
Gpr64,1.3404960766015064,0.0005457878251699,0.0234087784970661,UP,0.23809523809523808,21.0,0.25,4,0.011904761904761918,RNA_UP_METHYLATION_UP
Dsel,0.4084425210503664,0.0005474162195266,0.0234424263116619,UP,0.7000000000000001,7.0,0.20952380952380953,21,-0.4904761904761905,RNA_UP_METHYLATION_DOWN
Myo5b,1.3946259065952122,0.0005478005938908,0.0234424263116619,UP,0.1650754716981132,53.0,0.04196428571428572,28,-0.12311118598382749,RNA_UP_METHYLATION_DOWN
Gm14207,0.419173231201651,0.0005491050700139,0.0234719358707424,UP,0.03797368421052632,76.0,0.09011627906976744,86,0.052142594859241116,RNA_UP_METHYLATION_UP
Nckap1,0.6701135648300811,0.0005498019205187,0.0234754350224186,UP,0.0880566037735849,53.0,0.5333333333333333,15,0.4452767295597484,RNA_UP_METHYLATION_UP
Zfp568,-0.43853213806032,0.0005506271423345,0.0234844014270316,DN,0.6,20.0,0.2847714285714285,35,-0.31522857142857147,RNA_DOWN_METHYLATION_DOWN
HAG_039008,-0.1617011970928065,0.0005520453477133,0.0235186105054832,DN,0.6,15.0,0.4877073170731707,41,-0.11229268292682926,RNA_DOWN_METHYLATION_DOWN
1110046J04Rik,0.5697220700409691,0.0005541408190974,0.0235815644889502,UP,0.5,15.0,0.3333333333333333,15,-0.16666666666666669,RNA_UP_METHYLATION_DOWN
Ogdhl,0.9044045011711078,0.0005587294586512,0.0237503573448074,UP,0.6950999999999999,10.0,0.8833,10,0.18820000000000003,RNA_UP_METHYLATION_UP
2610301B20Rik,0.4031376146990855,0.0005626775431408,0.0238650301964144,UP,0.2251607142857143,56.0,0.23524193548387098,62,0.010081221198156687,RNA_UP_METHYLATION_UP
Sh3yl1,0.4920543868871481,0.0005624254461758,0.0238650301964144,UP,0.17682926829268292,41.0,0.279125,32,0.1022957317073171,RNA_UP_METHYLATION_UP
Pcdhb22,0.4892551290073852,0.0005655322350507,0.0239329229227907,UP,0.6108666666666667,15.0,0.6251333333333334,15,0.01426666666666676,RNA_UP_METHYLATION_UP
HNG_008535,0.6325609301047416,0.000564950752554,0.0239329229227907,UP,0.7222222222222222,9.0,0.5,14,-0.2222222222222222,RNA_UP_METHYLATION_DOWN
Ogn,-0.4770003362468035,0.0005663246665569,0.023939667999905,DN,0.82,5.0,1.0,8,0.18000000000000005,RNA_DOWN_METHYLATION_UP
Mrpl40,-0.1239845927350984,0.0005669459255976,0.023939667999905,DN,0.042942307692307696,52.0,0.126,84,0.0830576923076923,RNA_DOWN_METHYLATION_UP
Prss50,-1.018546441735534,0.0005726280376979,0.024126222356518,DN,0.513,27.0,0.3894736842105263,38,-0.1235263157894737,RNA_DOWN_METHYLATION_DOWN
Epn3,0.6807045296831775,0.0005725647139516,0.024126222356518,UP,0.7083333333333334,18.0,0.5123235294117647,34,-0.19600980392156864,RNA_UP_METHYLATION_DOWN
A930005H10Rik,0.3963627114024772,0.0005770494861891,0.024285703403319,UP,0.11666666666666667,30.0,0.1,30,-0.016666666666666663,RNA_UP_METHYLATION_DOWN
Col1a1,-3.696557829983355,0.0005809511316791,0.0244229808353026,DN,0.5833703703703703,27.0,0.6332962962962964,27,0.04992592592592604,RNA_DOWN_METHYLATION_UP
Abhd6,0.4332997236852698,0.0005834251262833,0.0244730812313042,UP,0.2838846153846154,26.0,0.32355,40,0.0396653846153846,RNA_UP_METHYLATION_UP
Gm2518,-0.315632446170226,0.0005829485956015,0.0244730812313042,DN,0.22146428571428572,28.0,0.5657,20,0.34423571428571426,RNA_DOWN_METHYLATION_UP
Pros1,0.9018328135163368,0.0005845146099945,0.0244918679393123,UP,0.33330000000000004,10.0,0.20833333333333334,24,-0.1249666666666667,RNA_UP_METHYLATION_DOWN
Ly75,0.2519173439359363,0.0005860059966174,0.0245005705398489,UP,0.5416666666666666,12.0,0.6474615384615384,13,0.10579487179487179,RNA_UP_METHYLATION_UP
Ttc34,0.7959802640551115,0.0005858070822229,0.0245005705398489,UP,0.24204255319148935,47.0,0.3013272727272727,55,0.059284719535783376,RNA_UP_METHYLATION_UP
Mars,-0.2593933313661036,0.0005871686086865,0.0245223196179248,DN,0.12,25.0,0.13636363636363635,44,0.016363636363636358,RNA_DOWN_METHYLATION_UP
Sparc,-2.1493853123627997,0.0005893381275663,0.0245860273283737,DN,0.8374782608695651,23.0,0.9625,20,0.1250217391304349,RNA_DOWN_METHYLATION_UP
Grm1,-0.3466570946505496,0.0005912068774391,0.0246370621458598,DN,0.47614285714285715,7.0,0.583375,8,0.10723214285714283,RNA_DOWN_METHYLATION_UP
Aldh1l1,0.411897477396419,0.0005946405277161,0.0247531278342214,UP,0.6125,16.0,0.42567567567567566,37,-0.1868243243243244,RNA_UP_METHYLATION_DOWN
Alox12,0.9285212705414176,0.0006001574178778,0.0249555653107135,UP,0.8738571428571428,21.0,0.9083500000000001,20,0.034492857142857325,RNA_UP_METHYLATION_UP
Wdr12,-0.1788073644027372,0.0006016219361385,0.0249892410732109,DN,0.5971666666666667,12.0,0.10740000000000001,45,-0.48976666666666674,RNA_DOWN_METHYLATION_DOWN
Mapk8ip1,0.7437322750143514,0.0006023152724459,0.0249908462823978,UP,0.8277058823529412,17.0,0.821,15,-0.006705882352941228,RNA_UP_METHYLATION_DOWN
Sema7a,0.9231657615424096,0.0006034547101469,0.0250109372374914,UP,0.24,25.0,0.09196296296296295,27,-0.14803703703703702,RNA_UP_METHYLATION_DOWN
Plk1,-0.592285718062092,0.000605167479295,0.0250547212794477,DN,0.18484782608695652,46.0,0.2732307692307692,52,0.0883829431438127,RNA_DOWN_METHYLATION_UP
Fam167a,-0.4467062520697693,0.0006071974315916,0.0250850338563417,DN,0.36666666666666664,30.0,0.50668,25,0.14001333333333338,RNA_DOWN_METHYLATION_UP
Smad6,-0.4878013463147765,0.000607213960056,0.0250850338563417,DN,0.08333333333333333,48.0,0.07575757575757576,66,-0.007575757575757569,RNA_DOWN_METHYLATION_DOWN
Dcp1a,-0.1476146846430346,0.0006100251789656,0.0251739255475432,DN,0.48097142857142855,35.0,0.8843333333333332,21,0.40336190476190464,RNA_DOWN_METHYLATION_UP
Pbk,-0.3898331583124497,0.0006113313759156,0.0252005845372045,DN,0.46730769230769226,26.0,0.3485,22,-0.11880769230769228,RNA_DOWN_METHYLATION_DOWN
HAG_020230,0.4193091981108967,0.0006131433858249,0.0252480143729333,UP,0.9646818181818181,22.0,0.9141363636363636,22,-0.05054545454545445,RNA_UP_METHYLATION_DOWN
Ptger4,1.026629352984327,0.0006155538106586,0.0253014646296804,UP,0.152078125,64.0,0.1,60,-0.052078125,RNA_UP_METHYLATION_DOWN
Bfsp2,-0.3316812433844271,0.0006157670711771,0.0253014646296804,DN,0.8461538461538461,13.0,0.8264166666666667,12,-0.019737179487179457,RNA_DOWN_METHYLATION_DOWN
Zfp26,0.1975388921633785,0.0006173633905829,0.0253125621324746,UP,0.4967,10.0,0.5818,10,0.08510000000000001,RNA_UP_METHYLATION_UP
Plxna2,-1.3108241731863908,0.0006171403147224,0.0253125621324746,DN,0.10611428571428572,35.0,0.04878048780487805,41,-0.057333797909407666,RNA_DOWN_METHYLATION_DOWN
Trim58,-0.3618911917036742,0.0006186212565079,0.0253369212483073,DN,0.7857142857142857,14.0,0.7333333333333333,15,-0.05238095238095242,RNA_DOWN_METHYLATION_DOWN
Arhgap9,-0.3137428837892813,0.0006202808773348,0.0253478949267533,DN,0.6425937500000001,32.0,0.7285999999999999,30,0.08600624999999984,RNA_DOWN_METHYLATION_UP
Tmem200b,0.6247941781425999,0.0006226772840176,0.0253478949267533,UP,0.09594594594594594,74.0,0.19997560975609754,82,0.1040296638101516,RNA_UP_METHYLATION_UP
Tars,-0.0852542951390225,0.0006211953785081,0.0253478949267533,DN,0.3,25.0,0.2661515151515152,33,-0.033848484848484794,RNA_DOWN_METHYLATION_DOWN
Cad,-0.227080321462493,0.0006225736314388,0.0253478949267533,DN,0.2519736842105263,38.0,0.4796875,32,0.2277138157894737,RNA_DOWN_METHYLATION_UP
Jakmip1,-1.2599500577093523,0.0006197735805417,0.0253478949267533,DN,0.9230769230769231,13.0,0.9560625,16,0.03298557692307691,RNA_DOWN_METHYLATION_UP
Smap2,-0.2950885157504999,0.0006228734528265,0.0253478949267533,DN,0.8176521739130436,23.0,0.4319268292682927,41,-0.3857253446447509,RNA_DOWN_METHYLATION_DOWN
Pipox,-0.1449491986731261,0.0006250931435691,0.0254111346925668,DN,0.5434210526315789,19.0,0.65,20,0.1065789473684211,RNA_DOWN_METHYLATION_UP
HAG_037229,0.7741344218275837,0.0006265763611578,0.0254443328277852,UP,0.2333333333333333,12.0,0.11295348837209303,43,-0.12037984496124028,RNA_UP_METHYLATION_DOWN
Tmtc4,0.2254899926555724,0.00062764618658,0.0254606910033282,UP,0.13538709677419355,31.0,0.11743396226415095,53,-0.0179531345100426,RNA_UP_METHYLATION_DOWN
HAG_033600,0.5930767595499234,0.000631801419179,0.0255688294376565,UP,0.8416499999999999,20.0,0.75,14,-0.0916499999999999,RNA_UP_METHYLATION_DOWN
Mafk,-0.2690292298325243,0.0006318100570337,0.0255688294376565,DN,0.25391176470588234,34.0,0.2186046511627907,43,-0.03530711354309163,RNA_DOWN_METHYLATION_DOWN
Stx12,0.1962852344509515,0.0006323214657117,0.0255688294376565,UP,0.12162162162162163,37.0,0.125,32,0.0033783783783783716,RNA_UP_METHYLATION_UP
Mcm2,-0.4882539932176364,0.0006356693215997,0.0256770045969367,DN,0.480125,16.0,0.5,25,0.019874999999999976,RNA_DOWN_METHYLATION_UP
Dnajc12,0.4528409737101242,0.00063640272043,0.0256794552264859,UP,0.07857142857142858,28.0,0.21428571428571427,35,0.13571428571428568,RNA_UP_METHYLATION_UP
Lypd6b,-0.7277280703648998,0.0006374791865904,0.0256957291557872,DN,0.527027027027027,37.0,0.46983783783783784,37,-0.05718918918918914,RNA_DOWN_METHYLATION_DOWN
Rspo4,0.6303305751796375,0.000638488505775,0.0257092650236776,UP,0.43645833333333334,24.0,0.4239428571428572,35,-0.01251547619047616,RNA_UP_METHYLATION_DOWN
Pms1,-0.2286901645204562,0.0006392144759052,0.0257113751045901,DN,0.21428571428571427,28.0,0.10869565217391304,46,-0.10559006211180123,RNA_DOWN_METHYLATION_DOWN
HAG_003186,0.2051082715780214,0.0006422675771618,0.0257437143301682,UP,1.0,12.0,0.9791666666666666,12,-0.02083333333333337,RNA_UP_METHYLATION_DOWN
Rel,-0.6193353924972369,0.0006451455785438,0.0257437143301682,DN,0.08844897959183673,49.0,0.1213235294117647,68,0.032874549819927976,RNA_DOWN_METHYLATION_UP
HAG_018740,0.3077201312284661,0.0006454137748603,0.0257437143301682,UP,0.9166666666666666,12.0,0.9,10,-0.016666666666666607,RNA_UP_METHYLATION_DOWN
Trim62,0.392659002484681,0.0006412942897462,0.0257437143301682,UP,0.03810204081632653,49.0,0.06598305084745762,59,0.02788101003113109,RNA_UP_METHYLATION_UP
Cdkl2,0.9878397137269952,0.0006450916077804,0.0257437143301682,UP,0.4523809523809524,21.0,0.26290322580645165,31,-0.18947772657450074,RNA_UP_METHYLATION_DOWN
Nono,-0.1725934960857209,0.0006415016280693,0.0257437143301682,DN,0.12122727272727273,22.0,0.24074074074074073,27,0.119513468013468,RNA_DOWN_METHYLATION_UP
Tspan8,-0.6722675311346527,0.0006428391247,0.0257437143301682,DN,0.6200882352941176,34.0,0.7364999999999999,30,0.11641176470588233,RNA_DOWN_METHYLATION_UP
Clec9a,1.2917376155717577,0.0006438997934664,0.0257437143301682,UP,0.28575,8.0,0.65625,4,0.3705,RNA_UP_METHYLATION_UP
Apc2,0.6593901792701615,0.0006497077236313,0.0257802944141942,UP,0.7735833333333334,24.0,0.7364166666666666,24,-0.03716666666666679,RNA_UP_METHYLATION_DOWN
Slc8a1,0.3463798927085246,0.0006484431927643,0.0257802944141942,UP,0.9675,20.0,0.94665,20,-0.020850000000000035,RNA_UP_METHYLATION_DOWN
Lpar4,0.2679274215462186,0.0006472981781475,0.0257802944141942,UP,0.5897692307692307,13.0,0.4612857142857143,14,-0.1284835164835164,RNA_UP_METHYLATION_DOWN
Ucp2,-0.3968118648778223,0.0006492005313502,0.0257802944141942,DN,0.2109375,32.0,0.15151515151515152,33,-0.05942234848484848,RNA_DOWN_METHYLATION_DOWN
Pfn2,0.9286399859883154,0.0006491516386351,0.0257802944141942,UP,0.15384615384615385,39.0,0.08823529411764706,34,-0.06561085972850679,RNA_UP_METHYLATION_DOWN
Zfp563,0.2410155458887555,0.0006531297313689,0.0258891672957566,UP,0.8571428571428571,7.0,0.9777777777777779,9,0.12063492063492076,RNA_UP_METHYLATION_UP
Wbp11,-0.2069633114492726,0.0006541335213511,0.0259018673224178,DN,0.058823529411764705,17.0,0.375,18,0.3161764705882353,RNA_DOWN_METHYLATION_UP
Kctd1,0.2068422257124034,0.0006548072400223,0.0259018673224178,UP,0.2708125,16.0,0.34078947368421053,19,0.06997697368421052,RNA_UP_METHYLATION_UP
Angel1,0.4631190241988694,0.0006554925094108,0.0259021325768448,UP,0.9449090909090909,11.0,0.5969545454545454,22,-0.3479545454545455,RNA_UP_METHYLATION_DOWN
Bgn,0.2541488422011069,0.0006572745844238,0.0259456933160552,UP,0.4,5.0,0.0,7,-0.4,RNA_UP_METHYLATION_DOWN
Prkab1,-0.3390920112243192,0.0006622604517142,0.0261155020277218,DN,0.39237777777777777,45.0,0.9444444444444444,18,0.5520666666666667,RNA_DOWN_METHYLATION_UP
Sh3tc2,-1.1806953834744474,0.0006693340462766,0.0263400198087352,DN,0.9479166666666666,24.0,0.9720769230769231,26,0.02416025641025643,RNA_DOWN_METHYLATION_UP
HAG_014252,0.7844073725388676,0.0006691061966096,0.0263400198087352,UP,0.9259444444444446,18.0,0.9681818181818183,22,0.042237373737373685,RNA_UP_METHYLATION_UP
Cdk6,-0.5637206928981469,0.0006705464070969,0.0263605535033009,DN,0.0,71.0,0.0,64,0.0,insufficient_WGBS_data
Lrig2,0.247063820661908,0.000672690930637,0.0264176524735374,UP,0.10714285714285714,28.0,0.21428571428571427,28,0.10714285714285714,RNA_UP_METHYLATION_UP
Tuba8,-0.3050177956045257,0.000673446003793,0.02642012421047,DN,0.4666666666666667,15.0,0.45454545454545453,11,-0.012121212121212144,RNA_DOWN_METHYLATION_DOWN
Gli2,-0.6982176543605323,0.0006762428048933,0.0265026081605633,DN,0.21970454545454546,44.0,0.21761363636363634,44,-0.0020909090909091155,RNA_DOWN_METHYLATION_DOWN
B4galt4,0.5412216542165167,0.0006777697778805,0.0265352081653894,UP,0.3684210526315789,19.0,0.40668,25,0.03825894736842106,RNA_UP_METHYLATION_UP
Fen1,-0.3963872002050417,0.0006798849966717,0.0265752955409271,DN,0.199575,40.0,0.22325581395348837,43,0.023680813953488367,RNA_DOWN_METHYLATION_UP
Zbp1,0.2567908928523623,0.0006801860982784,0.0265752955409271,UP,0.4970952380952381,21.0,0.45,20,-0.04709523809523808,RNA_UP_METHYLATION_DOWN
Trpv2,-0.2493058122479743,0.000686417859419,0.0267913522798999,DN,0.7797499999999999,12.0,0.6785714285714286,14,-0.10117857142857134,RNA_DOWN_METHYLATION_DOWN
Rftn2,-0.6488564825829696,0.0006877393845998,0.0268155135739986,DN,0.7879090909090909,11.0,0.7444666666666666,15,-0.04344242424242428,RNA_DOWN_METHYLATION_DOWN
Fam45a,0.2452736839890903,0.0006918715860191,0.0268710486784295,UP,0.2636363636363636,11.0,0.6,10,0.33636363636363636,RNA_UP_METHYLATION_UP
Slit3,-0.6730093637325492,0.0006915975916088,0.0268710486784295,DN,0.08823529411764706,17.0,0.17486666666666667,15,0.0866313725490196,RNA_DOWN_METHYLATION_UP
Zfp354c,0.3793469209414546,0.0006919794836764,0.0268710486784295,UP,0.7931250000000001,16.0,0.5189545454545454,22,-0.27417045454545463,RNA_UP_METHYLATION_DOWN
HNG_025811,0.2165339942756643,0.0006917089873302,0.0268710486784295,UP,0.96875,16.0,0.9237500000000001,20,-0.04499999999999993,RNA_UP_METHYLATION_DOWN
Emp1,-0.691229972614084,0.0006952678840425,0.0268893269196274,DN,0.7197272727272727,22.0,0.6729,20,-0.046827272727272606,RNA_DOWN_METHYLATION_DOWN
Parp12,0.2777410958197377,0.0006937761846099,0.0268893269196274,UP,0.31995454545454544,66.0,0.3269122807017544,57,0.00695773524720894,RNA_UP_METHYLATION_UP
Igf2bp2,-0.4260468937999206,0.0006943334198605,0.0268893269196274,DN,0.2906046511627907,43.0,0.15615584415584413,77,-0.13444880700694659,RNA_DOWN_METHYLATION_DOWN
Ube2s,-0.5675575042810639,0.0006948211011437,0.0268893269196274,DN,0.19226785714285713,56.0,0.15344444444444444,63,-0.03882341269841269,RNA_DOWN_METHYLATION_DOWN
HAG_035307,0.5116476164054591,0.0006965178661501,0.0269104048448201,UP,0.8913043478260869,23.0,0.7608695652173914,23,-0.13043478260869557,RNA_UP_METHYLATION_DOWN
Trim16,-0.6039156750524861,0.0007020932624018,0.0269620764712314,DN,0.66665,20.0,0.6741379310344828,29,0.007487931034482864,RNA_DOWN_METHYLATION_UP
Dlk1,1.4452063362155445,0.0006997992940383,0.0269620764712314,UP,0.6363636363636364,11.0,0.4000666666666666,15,-0.23629696969696973,RNA_UP_METHYLATION_DOWN
BC043934,-0.364186122335957,0.0006993935083591,0.0269620764712314,DN,0.34113793103448276,29.0,0.38666666666666666,30,0.0455287356321839,RNA_DOWN_METHYLATION_UP
Kcnip3,0.8225028377110846,0.0007018397582774,0.0269620764712314,UP,0.6060000000000001,27.0,0.4256956521739131,23,-0.180304347826087,RNA_UP_METHYLATION_DOWN
Wdfy4,-0.2986793401745338,0.0007013739478978,0.0269620764712314,DN,0.9166666666666666,12.0,0.7043846153846154,13,-0.21228205128205124,RNA_DOWN_METHYLATION_DOWN
2310043J07Rik,0.1805400500819646,0.0007015513548646,0.0269620764712314,UP,0.8397692307692307,13.0,0.8384615384615385,13,-0.001307692307692232,RNA_UP_METHYLATION_DOWN
Bace2,0.5873299002865406,0.0007091023526685,0.0272038743779539,UP,0.5526315789473685,19.0,0.3227560975609756,41,-0.22987548138639285,RNA_UP_METHYLATION_DOWN
Gga2,-0.352365285137151,0.000712686316458,0.0273139177428073,DN,0.4270625,16.0,0.6111111111111112,18,0.18404861111111115,RNA_DOWN_METHYLATION_UP
Fads2,0.590450011494779,0.0007139817948143,0.0273361214359627,UP,0.2713846153846154,39.0,0.1652542372881356,59,-0.1061303780964798,RNA_UP_METHYLATION_DOWN
Ctps,-0.1579465138861087,0.000717849522725,0.0274566653120845,DN,0.15676190476190474,42.0,0.16189130434782611,46,0.005129399585921374,RNA_DOWN_METHYLATION_UP
Wtip,0.6259474914609999,0.0007195219401839,0.0274655915007025,UP,0.21089473684210525,38.0,0.29310344827586204,29,0.0822087114337568,RNA_UP_METHYLATION_UP
Pknox1,-0.2494355090765632,0.0007189643810797,0.0274655915007025,DN,0.32894736842105265,38.0,0.2878787878787879,33,-0.041068580542264754,RNA_DOWN_METHYLATION_DOWN
Shisa9,0.7678011812505936,0.0007236786861181,0.0275260704468018,UP,0.08333333333333333,36.0,0.07426315789473684,57,-0.009070175438596492,RNA_UP_METHYLATION_DOWN
HAG_013005,1.0206483419612304,0.0007239907452737,0.0275260704468018,UP,0.9,10.0,1.0,11,0.09999999999999998,RNA_UP_METHYLATION_UP
Gm527,0.5714654205152554,0.0007236849158578,0.0275260704468018,UP,0.4444166666666667,12.0,0.5,21,0.05558333333333332,RNA_UP_METHYLATION_UP
Marveld2,0.4656559981846992,0.0007221796606554,0.0275260704468018,UP,0.9444444444444444,18.0,0.7272727272727273,22,-0.21717171717171713,RNA_UP_METHYLATION_DOWN
HNG_010884,0.3597558172438428,0.0007247321113994,0.0275268399565557,UP,1.0,13.0,0.92775,12,-0.07225000000000004,RNA_UP_METHYLATION_DOWN
Pcdhb13,0.3332417854706306,0.0007273027498893,0.0275696132758446,UP,0.7208947368421054,19.0,0.6984285714285714,21,-0.022466165413533967,RNA_UP_METHYLATION_DOWN
Rfwd3,-0.3157693649748267,0.0007271893237252,0.0275696132758446,DN,0.48148148148148145,27.0,0.3387096774193548,31,-0.14277180406212664,RNA_DOWN_METHYLATION_DOWN
AK137397,0.8856000104455695,0.0007331496764287,0.0277636800085714,UP,0.8125,32.0,0.8152903225806452,31,0.002790322580645155,RNA_UP_METHYLATION_UP
Ube2t,-0.362154357978965,0.0007347288113711,0.0277959050422777,DN,0.2768292682926829,41.0,0.24815217391304345,46,-0.028677094379639445,RNA_DOWN_METHYLATION_DOWN
8430408G22Rik,-0.2868906497926542,0.0007406490272952,0.0278542410541031,DN,0.6590909090909091,22.0,0.6313846153846154,26,-0.027706293706293628,RNA_DOWN_METHYLATION_DOWN
Fhl4,0.445942550040201,0.0007387404597252,0.0278542410541031,UP,0.21428571428571427,42.0,0.07412727272727272,55,-0.14015844155844154,RNA_UP_METHYLATION_DOWN
Zfp93,0.2631969392860727,0.0007390340788433,0.0278542410541031,UP,0.8260869565217391,23.0,0.5892857142857143,28,-0.23680124223602483,RNA_UP_METHYLATION_DOWN
Sorbs2,0.704443218918902,0.0007392074185669,0.0278542410541031,UP,0.8854375,16.0,0.8200000000000001,15,-0.06543749999999993,RNA_UP_METHYLATION_DOWN
Shcbp1,-0.335989361437762,0.0007401974924989,0.0278542410541031,DN,0.7884615384615384,13.0,0.3888888888888889,18,-0.39957264957264954,RNA_DOWN_METHYLATION_DOWN
Slc16a7,-0.2784122706204925,0.0007387758214523,0.0278542410541031,DN,0.7360833333333333,12.0,0.9375,16,0.2014166666666667,RNA_DOWN_METHYLATION_UP
HAG_041163,0.7837796189187691,0.0007458350612674,0.0279666168553056,UP,0.8888888888888888,9.0,0.7272727272727273,11,-0.16161616161616155,RNA_UP_METHYLATION_DOWN
Plek2,0.4296839811543539,0.0007451333294187,0.0279666168553056,UP,0.48750000000000004,26.0,0.8809523809523809,21,0.3934523809523809,RNA_UP_METHYLATION_UP
Gm7932,0.5878687558320288,0.0007453565740332,0.0279666168553056,UP,0.7235833333333334,24.0,0.6507777777777778,18,-0.07280555555555557,RNA_UP_METHYLATION_DOWN
Sh3bgrl2,0.9436839302172976,0.0007469479110248,0.0279808593323261,UP,0.2922894736842105,38.0,0.386675,40,0.0943855263157895,RNA_UP_METHYLATION_UP
HNG_027665,-0.2158872698430523,0.000749410410842,0.0280455825516303,DN,0.7789999999999999,23.0,0.9166666666666666,24,0.13766666666666671,RNA_DOWN_METHYLATION_UP
Stab2,-0.9070457378912944,0.0007523177633329,0.0281031639537732,DN,0.8403125,16.0,0.71875,16,-0.12156250000000002,RNA_DOWN_METHYLATION_DOWN
Pygm,0.9750132386906234,0.000752421501644,0.0281031639537732,UP,0.5,12.0,0.583375,8,0.08337499999999998,RNA_UP_METHYLATION_UP
Echdc1,0.3182835146326486,0.0007535567276744,0.0281180522080044,UP,0.38068124999999997,16.0,0.35714285714285715,14,-0.02353839285714282,RNA_UP_METHYLATION_DOWN
HAG_004356,0.1075274805885566,0.0007553355097845,0.0281294312970674,UP,0.8606666666666666,21.0,0.869551724137931,29,0.008885057471264446,RNA_UP_METHYLATION_UP
Gpr137b,0.343780962128311,0.0007547444723198,0.0281294312970674,UP,0.24140625,32.0,0.13714285714285715,35,-0.10426339285714284,RNA_UP_METHYLATION_DOWN
Rxra,0.23791756395718,0.0007562369567687,0.0281355527424718,UP,0.11764705882352941,51.0,0.22085,40,0.10320294117647058,RNA_UP_METHYLATION_UP
Glmn,0.2193103062977766,0.0007575453024308,0.0281545964919711,UP,0.524264705882353,34.0,0.5666666666666667,30,0.042401960784313686,RNA_UP_METHYLATION_UP
Ppp2r1b,-0.2628626458082603,0.0007582239650462,0.0281545964919711,DN,0.24522857142857143,35.0,0.25041463414634146,41,0.005186062717770029,RNA_DOWN_METHYLATION_UP
Usp13,0.9181223474372264,0.0007617278743395,0.0282492781750882,UP,0.2222222222222222,36.0,0.2708333333333333,48,0.048611111111111105,RNA_UP_METHYLATION_UP
Acss1,-0.4174999158371753,0.0007622539170161,0.0282492781750882,DN,0.19285714285714287,28.0,0.203125,32,0.010267857142857134,RNA_DOWN_METHYLATION_UP
Timp3,1.0876659626279146,0.0007640859164946,0.028262294190341,UP,1.0,12.0,0.5714615384615385,26,-0.42853846153846153,RNA_UP_METHYLATION_DOWN
Snrnp200,-0.1085066569728354,0.0007639838370427,0.028262294190341,DN,0.37332,25.0,0.297969696969697,33,-0.07535030303030299,RNA_DOWN_METHYLATION_DOWN
Nfam1,-0.8549555764412133,0.0007653925509188,0.0282832182513791,DN,0.9024615384615384,26.0,0.8996956521739131,23,-0.0027658862876253076,RNA_DOWN_METHYLATION_DOWN
Rgl1,-0.744652739816698,0.000770301978015,0.0284036528091639,DN,0.23809523809523808,21.0,0.1644324324324324,37,-0.07366280566280567,RNA_DOWN_METHYLATION_DOWN
Gm13212,0.7336318266354596,0.0007694100544912,0.0284036528091639,UP,1.0,3.0,1.0,1,0.0,insufficient_WGBS_data
Pam,1.043388892074744,0.0007708840068713,0.0284036528091639,UP,0.171875,32.0,0.1795,26,0.007624999999999993,RNA_UP_METHYLATION_UP
Cdt1,-0.5824303043713304,0.0007748782552642,0.0285232909931993,DN,0.15625,40.0,0.15270270270270273,37,-0.003547297297297275,RNA_DOWN_METHYLATION_DOWN
Irak2,-0.4735974255211439,0.0007775406276977,0.0285783129297063,DN,0.53803125,32.0,0.6333333333333333,36,0.09530208333333334,RNA_DOWN_METHYLATION_UP
HNG_004643,1.4311759485511582,0.0007778703535042,0.0285783129297063,UP,1.0,8.0,0.9208333333333334,12,-0.07916666666666661,RNA_UP_METHYLATION_DOWN
Gata1,-1.0739750495586249,0.000779382580276,0.0286063383214395,DN,0.8666666666666667,15.0,0.6685000000000001,18,-0.1981666666666666,RNA_DOWN_METHYLATION_DOWN
Epdr1,0.6730598752883505,0.0007810829453772,0.028641208636829,UP,0.66,15.0,0.6374,15,-0.022600000000000064,RNA_UP_METHYLATION_DOWN
4833422C13Rik,0.3241852337992283,0.0007831712985756,0.0286767017400207,UP,0.9510000000000001,34.0,0.9279333333333334,30,-0.02306666666666668,RNA_UP_METHYLATION_DOWN
HNG_036575,0.276853604128834,0.0007835533876884,0.0286767017400207,UP,0.6041666666666666,12.0,0.5111111111111111,9,-0.09305555555555556,RNA_UP_METHYLATION_DOWN
Nt5dc2,-0.4022857152628827,0.0007857424787928,0.0287292738510336,DN,0.9451388888888889,36.0,0.9833333333333333,36,0.03819444444444442,RNA_DOWN_METHYLATION_UP
Prpf19,-0.1643620451342302,0.0007872393809834,0.0287564609099525,DN,0.36774074074074076,27.0,0.33,25,-0.03774074074074074,RNA_DOWN_METHYLATION_DOWN
Camk2n1,0.904814929333476,0.000791043293213,0.0288402145067113,UP,0.02180373831775701,107.0,0.15515116279069768,86,0.13334742447294068,RNA_UP_METHYLATION_UP
Nudt18,0.3884733263243021,0.0007909673435753,0.0288402145067113,UP,0.6553181818181818,22.0,0.24157575757575758,33,-0.41374242424242424,RNA_UP_METHYLATION_DOWN
Gca,0.4555695684488796,0.0007963202899731,0.0290049027756242,UP,0.59725,12.0,0.4561578947368421,19,-0.14109210526315785,RNA_UP_METHYLATION_DOWN
Fpgt,0.4040149700986948,0.0007982837925173,0.0290487025052152,UP,0.35714285714285715,14.0,0.75,6,0.39285714285714285,RNA_UP_METHYLATION_UP
Tcf19,-0.5018751142871114,0.0008015350198866,0.0291370430498478,DN,0.23880597014925373,67.0,0.20832894736842106,76,-0.03047702278083267,RNA_DOWN_METHYLATION_DOWN
Fez2,0.3039786575831193,0.0008022380866967,0.0291370430498478,UP,0.3426111111111111,18.0,0.49023529411764705,17,0.14762418300653596,RNA_UP_METHYLATION_UP
HNG_026249,-0.3889834306137815,0.0008034594392235,0.0291536632262747,DN,0.787625,16.0,0.8767142857142857,14,0.08908928571428565,RNA_DOWN_METHYLATION_UP
Jag1,0.8447437404055638,0.0008066430687948,0.0292413857759124,UP,0.19471666666666668,60.0,0.14537349397590363,83,-0.04934317269076305,RNA_UP_METHYLATION_DOWN
Zkscan2,1.391616442058924,0.0008096314373186,0.0293218702327571,UP,0.3803030303030303,33.0,0.382,25,0.0016969696969696968,RNA_UP_METHYLATION_UP
HAG_039692,0.6124230527480963,0.0008111466986697,0.0293371626587717,UP,0.9,15.0,0.9,20,0.0,insufficient_WGBS_data
Snx13,0.2988582623636597,0.0008115907934523,0.0293371626587717,UP,0.09167499999999999,40.0,0.049388888888888885,54,-0.04228611111111111,RNA_UP_METHYLATION_DOWN
"Inpp5b,Mir698",-0.5207887756161336,0.000813613304414,0.0293546758564196,DN,0.471375,32.0,0.44516129032258067,31,-0.026213709677419317,RNA_DOWN_METHYLATION_DOWN
Aff2,0.7547315883619595,0.0008131843735412,0.0293546758564196,UP,0.6111111111111112,9.0,0.3375,20,-0.27361111111111114,RNA_UP_METHYLATION_DOWN
Tbc1d1,-0.3951603843619153,0.0008165076877587,0.0294312856063537,DN,0.16774193548387098,31.0,0.26943333333333336,30,0.10169139784946238,RNA_DOWN_METHYLATION_UP
HNG_017753,-0.8818512207617348,0.0008193115823289,0.0295044921893035,DN,1.0,9.0,0.9775555555555555,9,-0.02244444444444449,RNA_DOWN_METHYLATION_DOWN
AI848285,-1.5203598991929956,0.000824339680252,0.0296575817856569,DN,0.975,8.0,0.6266666666666666,15,-0.3483333333333334,RNA_DOWN_METHYLATION_DOWN
Cilp2,-0.2824837032373368,0.0008264102247236,0.029704078246846,DN,0.02925531914893617,47.0,0.0530029702970297,101,0.023747651148093532,RNA_DOWN_METHYLATION_UP
Tspan17,0.5355426074871001,0.0008296135975464,0.0297911667408678,UP,0.15183333333333335,36.0,0.14832499999999998,40,-0.0035083333333333633,RNA_UP_METHYLATION_DOWN
HAG_008871,0.881338910570523,0.0008310373829643,0.0298142471640185,UP,0.7087894736842105,19.0,0.7604166666666666,24,0.051627192982456105,RNA_UP_METHYLATION_UP
Aph1b,0.7602261376887531,0.0008327826789975,0.0298488079086334,UP,0.26,25.0,0.16,50,-0.1,RNA_UP_METHYLATION_DOWN
Itga4,-0.4964614009129633,0.0008350640066894,0.0298811038770307,DN,0.14450000000000002,12.0,0.3708125,16,0.22631249999999997,RNA_DOWN_METHYLATION_UP
HND_003089,-0.32134466615046,0.000835249340794,0.0298811038770307,DN,0.8645142857142858,35.0,0.8851428571428571,35,0.02062857142857133,RNA_DOWN_METHYLATION_UP
Mertk,0.3218713281058454,0.0008363528473333,0.029892566374916,UP,0.07680952380952381,42.0,0.17653571428571427,28,0.09972619047619045,RNA_UP_METHYLATION_UP
Mapk9,0.0953415768790151,0.0008398784823127,0.0299904971252018,UP,0.37579285714285715,42.0,0.348,35,-0.027792857142857175,RNA_UP_METHYLATION_DOWN
Chn1,0.5964733240169924,0.0008466212833445,0.0302030164746049,UP,0.12317391304347827,23.0,0.046511627906976744,43,-0.07666228513650153,RNA_UP_METHYLATION_DOWN
Fam78a,-0.559019968531234,0.0008478737253652,0.0302194545701599,DN,0.02857777777777778,45.0,0.0390625,64,0.010484722222222222,RNA_DOWN_METHYLATION_UP
Nicn1,0.3752496201075956,0.000849827883358,0.03026084884659,UP,0.1642608695652174,23.0,0.4090909090909091,11,0.2448300395256917,RNA_UP_METHYLATION_UP
AK034341,-0.6743150965613649,0.0008550749309507,0.0304193105911028,DN,0.31262318840579706,69.0,0.3813559322033898,59,0.06873274379759275,RNA_DOWN_METHYLATION_UP
Il17ra,-0.2740743741658606,0.0008585448023063,0.0305143130294564,DN,0.7201666666666666,42.0,0.6583396226415094,53,-0.06182704402515726,RNA_DOWN_METHYLATION_DOWN
Irak3,0.4260496564302816,0.0008599991132092,0.0305375685110912,UP,0.25,41.0,0.18226984126984128,63,-0.06773015873015872,RNA_UP_METHYLATION_DOWN
Sox18,0.8952301930518445,0.0008615913441409,0.0305656735953035,UP,0.51304,25.0,0.6287727272727273,22,0.11573272727272721,RNA_UP_METHYLATION_UP
Rab12,0.2412946747797075,0.000864951158157,0.0306563747531764,UP,0.6926111111111111,18.0,0.2612432432432433,37,-0.4313678678678678,RNA_UP_METHYLATION_DOWN
Mafb,-0.6094686524011745,0.0008674380098295,0.0307159960215333,DN,0.01774074074074074,54.0,0.012152941176470587,85,-0.005587799564270154,RNA_DOWN_METHYLATION_DOWN
Zkscan17,-0.2984612671475846,0.0008727001453755,0.030731282241029,DN,0.8333333333333334,12.0,0.9166666666666666,12,0.08333333333333326,RNA_DOWN_METHYLATION_UP
Uhrf1,-0.7034674924963786,0.0008712908474243,0.030731282241029,DN,0.874904761904762,21.0,0.7847272727272727,22,-0.09017748917748925,RNA_DOWN_METHYLATION_DOWN
D630037F22Rik,0.2661734433119234,0.0008703060592053,0.030731282241029,UP,0.17045454545454544,22.0,0.18667999999999998,25,0.016225454545454543,RNA_UP_METHYLATION_UP
Gpr125,0.309421794771703,0.0008704441595424,0.030731282241029,UP,0.7608695652173914,23.0,0.6277666666666666,30,-0.13310289855072477,RNA_UP_METHYLATION_DOWN
Gm4955.1,-0.3219883607319287,0.0008726718837769,0.030731282241029,DN,0.5,4.0,0.625,2,0.125,RNA_DOWN_METHYLATION_UP
Muc13,0.2608894536601358,0.0008714639642118,0.030731282241029,UP,0.46849999999999997,18.0,0.5606666666666666,18,0.09216666666666667,RNA_UP_METHYLATION_UP
2210404O07Rik,0.2971345178343458,0.0008761804187497,0.0307745916984736,UP,0.7517647058823529,17.0,0.9333333333333333,15,0.18156862745098046,RNA_UP_METHYLATION_UP
Slc27a6,0.7932074776878322,0.0008754509016699,0.0307745916984736,UP,0.4833,20.0,0.3879677419354839,31,-0.09533225806451612,RNA_UP_METHYLATION_DOWN
Fads6,0.6706110784600329,0.0008763486633197,0.0307745916984736,UP,0.6321724137931034,29.0,0.5166857142857144,35,-0.11548669950738899,RNA_UP_METHYLATION_DOWN
Zfp449,0.4073809399666235,0.0008801377342543,0.0308792441102563,UP,0.6666666666666666,9.0,0.21428571428571427,14,-0.45238095238095233,RNA_UP_METHYLATION_DOWN
Clec14a,0.935991687255064,0.0008853476562668,0.0309176297071051,UP,0.9897333333333334,15.0,0.7777999999999999,15,-0.21193333333333342,RNA_UP_METHYLATION_DOWN
Fnbp1l,0.2292271047150595,0.0008861230085644,0.0309176297071051,UP,0.15555263157894736,38.0,0.05172413793103448,58,-0.10382849364791288,RNA_UP_METHYLATION_DOWN
Fbxo22,0.3666022439540866,0.0008845039802454,0.0309176297071051,UP,0.42857142857142855,21.0,0.3333333333333333,21,-0.09523809523809523,RNA_UP_METHYLATION_DOWN
Hist1h1d,-0.7305695082842145,0.0008853476720788,0.0309176297071051,DN,0.34404,25.0,0.2608695652173913,23,-0.08317043478260872,RNA_DOWN_METHYLATION_DOWN
"Hist1h1e,Hist1h2be",-0.6766237066460017,0.0008854678654615,0.0309176297071051,DN,0.28846153846153844,26.0,0.19230769230769232,26,-0.09615384615384612,RNA_DOWN_METHYLATION_DOWN
Galm,0.3236171980731042,0.0008869015123462,0.0309176297071051,UP,0.654875,24.0,0.8005600000000002,25,0.14568500000000018,RNA_UP_METHYLATION_UP
Car1,-1.3700732991640372,0.0008864349499956,0.0309176297071051,DN,0.958375,8.0,0.9524285714285714,7,-0.005946428571428575,RNA_DOWN_METHYLATION_DOWN
Gm20554,0.9576388849350518,0.0008884603082514,0.0309437106629311,UP,0.09111538461538463,26.0,0.05379746835443038,79,-0.037317916260954244,RNA_UP_METHYLATION_DOWN
Sun2,-0.3030567188114439,0.0008919286826074,0.0310361911326284,DN,0.42045454545454547,44.0,0.33332075471698114,53,-0.08713379073756433,RNA_DOWN_METHYLATION_DOWN
Kbtbd11,0.611079327533667,0.0008946840431308,0.0311037152043643,UP,0.6363636363636364,22.0,0.45,30,-0.18636363636363634,RNA_UP_METHYLATION_DOWN
Ppfia3,0.2050374549633256,0.0009023968207218,0.0313148104005389,UP,0.145,40.0,0.13013698630136986,73,-0.014863013698630134,RNA_UP_METHYLATION_DOWN
Kiss1r,0.863781443785842,0.0009020625935498,0.0313148104005389,UP,0.05357142857142857,28.0,0.066675,40,0.01310357142857143,RNA_UP_METHYLATION_UP
Kpna2,-0.4092099078660167,0.0009116334604415,0.0316066053151468,DN,0.3269230769230769,26.0,0.4938148148148148,27,0.1668917378917379,RNA_DOWN_METHYLATION_UP
Dnahc1,0.4020311270441277,0.0009186855537115,0.0318222005047901,UP,0.4928571428571429,28.0,0.45724324324324334,37,-0.03561389961389955,RNA_UP_METHYLATION_DOWN
Dusp3,0.3838314232963888,0.0009218490785584,0.0318854553283007,UP,0.17997500000000002,40.0,0.14956410256410257,39,-0.03041089743589745,RNA_UP_METHYLATION_DOWN
Mtmr7,0.4767161526012256,0.0009221822980835,0.0318854553283007,UP,1.0,16.0,0.6447368421052632,19,-0.35526315789473684,RNA_UP_METHYLATION_DOWN
Rasgrf2,1.1831417405112263,0.0009232338568364,0.0318911138907114,UP,0.1206896551724138,29.0,0.13541666666666666,48,0.014727011494252859,RNA_UP_METHYLATION_UP
Hmgb3,-0.3947870016963657,0.0009248523283301,0.0318911138907114,DN,0.1875,32.0,1.0,4,0.8125,RNA_DOWN_METHYLATION_UP
Tbxa2r,0.7740843683889134,0.0009244219148041,0.0318911138907114,UP,0.308,23.0,0.2708333333333333,24,-0.03716666666666668,RNA_UP_METHYLATION_DOWN
Pag1,-0.2668863796039709,0.000928680943151,0.0319942319151277,DN,0.8194444444444444,18.0,0.5220454545454545,22,-0.29739898989898994,RNA_DOWN_METHYLATION_DOWN
Slc6a17,0.9181788703871092,0.0009328659203627,0.0320228038777763,UP,0.8805624999999999,16.0,0.46728125,32,-0.41328124999999993,RNA_UP_METHYLATION_DOWN
Cd33,-1.1266753317953735,0.0009319159038865,0.0320228038777763,DN,0.3888888888888889,9.0,0.4444444444444444,9,0.055555555555555525,RNA_DOWN_METHYLATION_UP
Enkur,0.8696538748097962,0.000932485226963,0.0320228038777763,UP,0.17030769230769233,52.0,0.16877777777777778,45,-0.00152991452991455,RNA_UP_METHYLATION_DOWN
Tnfsf10,0.8282045147392543,0.000932523991272,0.0320228038777763,UP,0.7109375,16.0,0.6412857142857143,21,-0.06965178571428565,RNA_UP_METHYLATION_DOWN
Phyhip,-0.7584348386070379,0.0009345105913612,0.0320504387182754,DN,0.5333333333333333,15.0,0.4778,15,-0.05553333333333332,RNA_DOWN_METHYLATION_DOWN
HNG_044972,0.7810318538900611,0.0009372063983061,0.0321140418636818,UP,0.08333333333333333,24.0,0.02378571428571429,14,-0.059547619047619044,RNA_UP_METHYLATION_DOWN
Lhfp,1.0414864433215691,0.0009390757400655,0.0321492369056356,UP,0.29893548387096774,31.0,0.47737037037037033,27,0.1784348864994026,RNA_UP_METHYLATION_UP
BC055004,0.7687564922786052,0.0009415094756718,0.032203673571099,UP,0.25,8.0,0.29169999999999996,10,0.04169999999999996,RNA_UP_METHYLATION_UP
Cytip,0.8041493572776002,0.0009460237197462,0.0323291113967364,UP,0.120865625,32.0,0.11009090909090909,33,-0.010774715909090918,RNA_UP_METHYLATION_DOWN
Nup50,-0.1529156669011557,0.0009473196149492,0.0323444403773193,DN,0.14285714285714285,49.0,0.117045,20,-0.025812142857142853,RNA_DOWN_METHYLATION_DOWN
Lrba,0.290340981526497,0.0009492522404991,0.0323814624882342,UP,0.03333333333333333,60.0,0.06082926829268292,41,0.027495934959349586,RNA_UP_METHYLATION_UP
Fat2,-0.433121256560224,0.0009588902209505,0.0325708883084765,DN,0.7681304347826088,23.0,0.7282608695652174,23,-0.03986956521739138,RNA_DOWN_METHYLATION_DOWN
Prr15,0.4124664518593168,0.0009574008096837,0.0325708883084765,UP,0.23809523809523808,21.0,0.2772727272727273,44,0.0391774891774892,RNA_UP_METHYLATION_UP
HNG_015605,0.7681630814577296,0.0009575998560301,0.0325708883084765,UP,0.33340000000000003,5.0,0.6333333333333333,6,0.2999333333333333,RNA_UP_METHYLATION_UP
HNG_029366,0.1714531351693722,0.0009575492594017,0.0325708883084765,UP,0.8453488372093023,43.0,0.8910256410256411,39,0.04567680381633876,RNA_UP_METHYLATION_UP
Slc43a3,-0.3652451860628929,0.0009590715304078,0.0325708883084765,DN,0.8823888888888889,18.0,0.732608695652174,23,-0.14978019323671488,RNA_DOWN_METHYLATION_DOWN
1700040L02Rik,0.3517082170692673,0.0009619073121731,0.032638156373577,UP,0.4547407407407408,27.0,0.3625,20,-0.09224074074074079,RNA_UP_METHYLATION_DOWN
Cdc20,-0.4798530495779047,0.0009640256699405,0.0326809839013951,DN,0.42857142857142855,21.0,0.36439215686274506,51,-0.06417927170868348,RNA_DOWN_METHYLATION_DOWN
Tspo2,-1.047003746252178,0.0009651634295937,0.0326905221246237,DN,0.9411764705882353,17.0,0.9166842105263159,19,-0.024492260061919402,RNA_DOWN_METHYLATION_DOWN
Yes1,0.3690827828705574,0.0009678153351452,0.0327512827776279,UP,0.3491904761904762,21.0,0.13157894736842105,38,-0.21761152882205517,RNA_UP_METHYLATION_DOWN
Tmem231,0.3521665503838718,0.0009713662450652,0.0328423315382018,UP,0.6714285714285714,21.0,0.5740740740740741,27,-0.0973544973544973,RNA_UP_METHYLATION_DOWN
HAG_034402,0.1562191370925294,0.0009723657738694,0.0328470321417212,UP,0.9420476190476191,21.0,1.0,21,0.057952380952380866,RNA_UP_METHYLATION_UP
Rbfox2,0.6135555847251792,0.0009745928216412,0.0328927899021034,UP,0.22635135135135134,37.0,0.26964285714285713,28,0.043291505791505785,RNA_UP_METHYLATION_UP
Slc35d3,-0.9048473795548926,0.0009754437328193,0.0328927899021034,DN,0.07962222222222223,45.0,0.19241025641025641,39,0.11278803418803418,RNA_DOWN_METHYLATION_UP
Clec11a,0.824714666544939,0.0009775746599257,0.0329065078648027,UP,0.8183,20.0,0.74,15,-0.07830000000000004,RNA_UP_METHYLATION_DOWN
HND_003581,0.4788828304975503,0.0009772818149542,0.0329065078648027,UP,0.8076923076923077,26.0,0.7983870967741935,31,-0.009305210918114204,RNA_UP_METHYLATION_DOWN
Hist2h3c1,-0.7701216779200412,0.000981926077261,0.0330238609878488,DN,0.0009823008849557523,113.0,0.0,91,-0.0009823008849557523,RNA_DOWN_METHYLATION_DOWN
Arhgap30,-1.076287334817855,0.0009838935553837,0.0330609021092499,DN,0.64165,20.0,0.7777777777777778,18,0.13612777777777774,RNA_DOWN_METHYLATION_UP
Atp2a3,-0.1675215277094128,0.000985240565957,0.0330770473911285,DN,0.15988888888888889,27.0,0.2711538461538462,26,0.1112649572649573,RNA_DOWN_METHYLATION_UP
Pcmtd2,0.1618808464976702,0.0009870431226075,0.0331084447066583,UP,0.38636363636363635,11.0,0.16666666666666666,12,-0.2196969696969697,RNA_UP_METHYLATION_DOWN
HNG_008518,0.912091512468772,0.000994305853739,0.0333227770403206,UP,0.5333333333333333,6.0,0.75,6,0.21666666666666667,RNA_UP_METHYLATION_UP
Nrf1,-0.2907281377053783,0.0009967903030587,0.0333767363582102,DN,0.5495,20.0,0.3195365853658536,41,-0.22996341463414638,RNA_DOWN_METHYLATION_DOWN
Slc38a8,0.2133493151881742,0.0009987876471434,0.0333903436723496,UP,0.49923809523809526,21.0,0.5188666666666667,30,0.01962857142857144,RNA_UP_METHYLATION_UP
Pik3cd,-0.7131645147783461,0.0009989461509437,0.0333903436723496,DN,0.38,37.0,0.6408235294117647,34,0.2608235294117647,RNA_DOWN_METHYLATION_UP
Dpep2,-0.2891077007391021,0.0010014577799316,0.0334450099523628,DN,0.539235294117647,17.0,0.5657894736842105,19,0.026554179566563474,RNA_DOWN_METHYLATION_UP
HNG_004264,0.3124661584083716,0.0010038140731512,0.0334775285586413,UP,0.9152727272727272,11.0,0.9594285714285714,14,0.04415584415584417,RNA_UP_METHYLATION_UP
"Evi2a,Evi2b",-0.31637787892,0.0010050625518234,0.0334775285586413,DN,0.9444444444444444,18.0,0.8636363636363636,22,-0.08080808080808077,RNA_DOWN_METHYLATION_DOWN
A430035B10Rik,0.5419097121015808,0.0010050086796679,0.0334775285586413,UP,0.0,21.0,0.0,54,0.0,insufficient_WGBS_data
E130012A19Rik,0.4821477923185138,0.0010081461744535,0.0335217384766902,UP,0.08387321428571427,56.0,0.06177586206896552,58,-0.02209735221674875,RNA_UP_METHYLATION_DOWN
Ctbs,0.2842419365949733,0.001007961381574,0.0335217384766902,UP,0.6404857142857143,35.0,0.6516129032258065,31,0.011127188940092125,RNA_UP_METHYLATION_UP
Gcet2,-0.6237722770716272,0.0010092465887594,0.0335291216589435,DN,0.39355555555555555,9.0,0.6002307692307691,13,0.20667521367521358,RNA_DOWN_METHYLATION_UP
Pilra,-0.5996205377634081,0.0010103555892686,0.0335367770030968,DN,0.9285714285714286,14.0,0.958375,8,0.029803571428571374,RNA_DOWN_METHYLATION_UP
HAG_039801,-0.3325546655384962,0.0010125541183208,0.0335805523931752,DN,0.8333333333333334,12.0,0.7221875,16,-0.11114583333333339,RNA_DOWN_METHYLATION_DOWN
Zfp248,0.408919025699733,0.0010157329914918,0.0336567358951636,UP,0.7277777777777777,9.0,0.4642857142857143,14,-0.26349206349206344,RNA_UP_METHYLATION_DOWN
Aplp2,0.323032868175531,0.0010217264632125,0.033825969257371,UP,0.16444444444444445,45.0,0.14497317073170732,41,-0.01947127371273713,RNA_UP_METHYLATION_DOWN
Mesdc1,-0.2236282685412476,0.001024101402738,0.0338752155505348,DN,0.2923076923076923,39.0,0.40165000000000006,20,0.10934230769230774,RNA_DOWN_METHYLATION_UP
C1qb,-0.8679146056765998,0.0010279742585107,0.0339738817280292,DN,0.659,26.0,0.8550869565217392,23,0.19608695652173913,RNA_DOWN_METHYLATION_UP
Mms22l,-0.3703297225748025,0.0010300365292155,0.0340125903055495,DN,0.6111111111111112,9.0,0.3888888888888889,18,-0.22222222222222227,RNA_DOWN_METHYLATION_DOWN
Myof,0.7975528174307138,0.0010321770071552,0.0340538122014967,UP,0.32667999999999997,25.0,0.42105263157894735,19,0.09437263157894737,RNA_UP_METHYLATION_UP
Hn1,-0.3741681301959385,0.0010352303459551,0.0341250542019008,DN,0.6521739130434783,23.0,0.6514642857142857,28,-0.0007096273291925526,RNA_DOWN_METHYLATION_DOWN
Lgals12,0.3339336398674875,0.0010384337313509,0.0342011150932933,UP,0.6555333333333333,15.0,0.7733333333333333,15,0.11780000000000002,RNA_UP_METHYLATION_UP
Trim30c,-0.4884452078852845,0.0010402259616398,0.0342306081101011,DN,0.7223333333333333,3.0,0.9578,5,0.2354666666666667,RNA_DOWN_METHYLATION_UP
Vps37a,0.3385643125181108,0.0010432779017116,0.0343014677555007,UP,0.1509433962264151,53.0,0.1953125,32,0.04436910377358491,RNA_UP_METHYLATION_UP
Bhlhe40,0.8545807305255675,0.0010455885053624,0.0343137063727608,UP,0.023821428571428573,28.0,0.008677083333333334,96,-0.01514434523809524,RNA_UP_METHYLATION_DOWN
Pcdhb20,0.6219265355404946,0.0010446526812021,0.0343137063727608,UP,0.5833333333333334,9.0,0.7142857142857143,7,0.13095238095238093,RNA_UP_METHYLATION_UP
Cdh5,-0.2882539893446295,0.0010463469091976,0.0343137063727608,DN,0.7857142857142857,35.0,0.8643255813953488,43,0.07861129568106306,RNA_DOWN_METHYLATION_UP
Gbp6,0.4305381544260029,0.0010474408493189,0.0343200962233492,UP,0.9081428571428571,7.0,0.8571428571428571,7,-0.051000000000000045,RNA_UP_METHYLATION_DOWN
Parp9,0.1548577070540542,0.0010485240482836,0.0343261234743422,UP,0.5667,10.0,0.5667,10,0.0,insufficient_WGBS_data
Hmga1,-0.3890709967287975,0.0010514675057956,0.0343635424924922,DN,0.13484,50.0,0.13591999999999999,50,0.0010799999999999976,RNA_DOWN_METHYLATION_UP
Epb4.1l5,0.5560269444477335,0.0010513090663558,0.0343635424924922,UP,0.4609375,16.0,0.6805555555555556,18,0.21961805555555558,RNA_UP_METHYLATION_UP
Cd200r1,0.2629304158183227,0.001052638784468,0.0343723932255887,UP,0.6756538461538462,26.0,0.6801666666666667,24,0.004512820512820537,RNA_UP_METHYLATION_UP
Zfyve9,0.5380966951389721,0.0010576030217603,0.0345049765355848,UP,1.0,6.0,0.8788181818181818,11,-0.12118181818181817,RNA_UP_METHYLATION_DOWN
AK036535,-0.2560188995076777,0.0010599127686904,0.0345508029090124,DN,0.8333333333333334,6.0,1.0,6,0.16666666666666663,RNA_DOWN_METHYLATION_UP
Trim28,-0.1884323981431794,0.0010630227011799,0.0345673080717949,DN,0.33128124999999997,32.0,0.09522857142857144,35,-0.23605267857142853,RNA_DOWN_METHYLATION_DOWN
Skiv2l2,-0.1393573292723644,0.0010631357978698,0.0345673080717949,DN,0.17083333333333334,36.0,0.10833999999999999,50,-0.062493333333333345,RNA_DOWN_METHYLATION_DOWN
Mfsd11,0.1516285470521534,0.0010617240220037,0.0345673080717949,UP,0.0,103.0,0.0,146,0.0,insufficient_WGBS_data
Tnfrsf1b,0.3153254119902904,0.0010643090941171,0.0345760057367131,UP,0.7666999999999999,20.0,0.4621363636363636,22,-0.3045636363636363,RNA_UP_METHYLATION_DOWN
Lpar6,1.1505161616743915,0.0010684959721838,0.0346236233023788,UP,0.829125,8.0,0.8333333333333334,6,0.0042083333333333695,RNA_UP_METHYLATION_UP
Pigy,0.2868170169233837,0.0010670332967559,0.0346236233023788,UP,0.75,12.0,0.6868461538461539,13,-0.06315384615384612,RNA_UP_METHYLATION_DOWN
Naa35,0.3180700648121357,0.0010683736297052,0.0346236233023788,UP,0.12151025641025641,39.0,0.1945121951219512,41,0.07300193871169479,RNA_UP_METHYLATION_UP
Gbp9,0.2854361647128467,0.0010701626866776,0.0346482188938595,UP,0.3333333333333333,6.0,0.5,8,0.16666666666666669,RNA_UP_METHYLATION_UP
HAG_007908,0.9357384076122544,0.0010740227633351,0.0347225410392399,UP,,,1.0,1,,insufficient_WGBS_data
Fabp4,-0.6023011034017145,0.0010742775062177,0.0347225410392399,DN,0.9230769230769231,13.0,0.9444444444444444,9,0.02136752136752129,RNA_DOWN_METHYLATION_UP
Dscc1,-0.5195842118859129,0.0010783658289361,0.0348059285894285,DN,0.38334999999999997,20.0,0.31019444444444444,36,-0.07315555555555553,RNA_DOWN_METHYLATION_DOWN
HAG_033653,-0.460654382626033,0.0010786810625928,0.0348059285894285,DN,0.8251,10.0,0.869,9,0.04390000000000005,RNA_DOWN_METHYLATION_UP
Cadm3,0.8130392947806624,0.0010811204961901,0.0348551786998067,UP,0.45926666666666666,15.0,0.31746153846153846,26,-0.1418051282051282,RNA_UP_METHYLATION_DOWN
HAG_009609,-0.329713812890902,0.0010845511883284,0.0349362767602303,DN,0.6539285714285714,28.0,0.6494482758620691,29,-0.0044802955665023125,RNA_DOWN_METHYLATION_DOWN
Krt18,0.570571594050115,0.0010870357767094,0.0349867872416142,UP,0.6007142857142856,35.0,0.4675125,24,-0.13320178571428565,RNA_UP_METHYLATION_DOWN
Copz2,0.4138293736989733,0.0010925510614716,0.0351346749102757,UP,0.61668,25.0,0.5793157894736842,38,-0.03736421052631578,RNA_UP_METHYLATION_DOWN
Rps6kc1,-0.3344234279381552,0.0010939486961974,0.0351500081071109,DN,0.5475714285714286,7.0,0.18588235294117647,34,-0.3616890756302521,RNA_DOWN_METHYLATION_DOWN
Gata3,0.3976118236266339,0.0010950819678971,0.0351514709275314,UP,0.01607017543859649,57.0,0.015807692307692307,52,-0.0002624831309041842,RNA_UP_METHYLATION_DOWN
Ehd1,-0.2957703323396563,0.001095835963632,0.0351514709275314,DN,0.11354687499999999,64.0,0.23500000000000001,20,0.12145312500000002,RNA_DOWN_METHYLATION_UP
Twf2,-0.2606280064918538,0.0010993107469112,0.0352037666368245,DN,0.29411764705882354,17.0,0.22413793103448276,29,-0.06997971602434078,RNA_DOWN_METHYLATION_DOWN
Col23a1,-0.3556709380561631,0.0010989628678448,0.0352037666368245,DN,0.37709375,32.0,0.3251951219512195,41,-0.05189862804878048,RNA_DOWN_METHYLATION_DOWN
HNG_037873,-0.5400877955937874,0.0011008931614401,0.0352248899903564,DN,0.9122631578947368,19.0,0.9484285714285715,21,0.036165413533834734,RNA_DOWN_METHYLATION_UP
AK145253,-0.3373790567056569,0.0011018853627135,0.035225890149002,DN,0.9964999999999999,26.0,0.9387307692307693,26,-0.057769230769230684,RNA_DOWN_METHYLATION_DOWN
Gfod1,-0.3171676916607531,0.0011027700599407,0.035225890149002,DN,0.27847222222222223,72.0,0.3672666666666667,60,0.08879444444444445,RNA_DOWN_METHYLATION_UP
Lonrf2,1.0495362492824074,0.0011047194381289,0.0352291983226897,UP,0.8441428571428571,14.0,0.9686470588235293,17,0.12450420168067222,RNA_UP_METHYLATION_UP
Cwc15,-0.1381821122192619,0.0011041178833725,0.0352291983226897,DN,0.20593617021276597,47.0,0.2388958333333333,48,0.032959663120567334,RNA_DOWN_METHYLATION_UP
Esam,0.4266572556011851,0.0011147268836713,0.0354538254330238,UP,0.2156764705882353,34.0,0.12719298245614036,57,-0.08848348813209495,RNA_UP_METHYLATION_DOWN
4933421E11Rik,0.2303536716276903,0.0011154784749308,0.0354538254330238,UP,0.4,15.0,0.42857142857142855,14,0.028571428571428525,RNA_UP_METHYLATION_UP
Cd2bp2,-0.1152646454135704,0.0011146523664879,0.0354538254330238,DN,0.4318181818181818,33.0,0.3555869565217391,46,-0.07623122529644272,RNA_DOWN_METHYLATION_DOWN
Diap3,-0.2771813363014734,0.0011134785114761,0.0354538254330238,DN,0.35569999999999996,30.0,0.4195957446808511,47,0.06389574468085113,RNA_DOWN_METHYLATION_UP
H19,-0.5383175827743587,0.0011261748468765,0.0357640151871638,DN,0.7528055555555557,36.0,0.8297631578947368,38,0.07695760233918103,RNA_DOWN_METHYLATION_UP
Ung,-0.4130952007370334,0.0011271925870822,0.0357665797457209,DN,0.6875312499999999,32.0,0.794,34,0.10646875000000011,RNA_DOWN_METHYLATION_UP
HNG_009578,-0.7999419514964801,0.0011303101361774,0.0358355456206392,DN,0.8851851851851852,27.0,0.8909583333333334,24,0.005773148148148222,RNA_DOWN_METHYLATION_UP
Snx14,0.4177459349966277,0.0011312436464652,0.0358355456206392,UP,0.14545454545454548,44.0,0.138625,48,-0.006829545454545477,RNA_UP_METHYLATION_DOWN
Csk,-0.129402946619809,0.0011333511352206,0.0358725369267365,DN,0.23669565217391303,23.0,0.03508771929824561,57,-0.20160793287566742,RNA_DOWN_METHYLATION_DOWN
HNG_041900,0.1352193475792815,0.001136057396687,0.0359284034352419,UP,0.6666666666666666,3.0,0.3333333333333333,3,-0.3333333333333333,RNA_UP_METHYLATION_DOWN
Rap1gap2,0.7604192411414621,0.0011378587409882,0.0359555826663921,UP,0.3519971428571429,35.0,0.4325116279069767,43,0.08051448504983383,RNA_UP_METHYLATION_UP
Zmynd12,0.1072828743412151,0.0011395970338667,0.0359807262007941,UP,0.14530434782608695,46.0,0.156,39,0.01069565217391305,RNA_UP_METHYLATION_UP
HNG_026623,0.5978321707801729,0.0011421831022652,0.0360325730410483,UP,0.9444166666666667,12.0,0.8212727272727272,11,-0.12314393939393953,RNA_UP_METHYLATION_DOWN
Epb4.1l3,-1.0309998057044196,0.0011454231633299,0.0361049487949057,DN,0.37168,25.0,0.2753478260869565,23,-0.0963321739130435,RNA_DOWN_METHYLATION_DOWN
1600002K03Rik,-0.2416875869714636,0.0011514788352784,0.0362476232739911,DN,0.9232222222222224,72.0,0.9568965517241379,58,0.03367432950191551,RNA_DOWN_METHYLATION_UP
Snrpa1,-0.2548484157165029,0.001151848659524,0.0362476232739911,DN,0.46875,16.0,0.5368125,16,0.06806250000000003,RNA_DOWN_METHYLATION_UP
Runx1t1,1.1030760277529672,0.001157203276627,0.0363861313635986,UP,0.31926315789473686,19.0,0.2375,8,-0.08176315789473687,RNA_UP_METHYLATION_DOWN
Gna14,-0.8285830252144504,0.0011602585261963,0.0364195738953461,DN,0.6118636363636363,22.0,0.4383529411764706,34,-0.17351069518716566,RNA_DOWN_METHYLATION_DOWN
8430419L09Rik,-0.2404778042077477,0.0011593589082421,0.0364195738953461,DN,0.3109230769230769,26.0,0.5375,20,0.22657692307692306,RNA_DOWN_METHYLATION_UP
Csrnp3,-0.3378146131174617,0.0011611291373424,0.0364195738953461,DN,0.7242727272727273,11.0,0.725,20,0.0007272727272726875,RNA_DOWN_METHYLATION_UP
Btbd3,0.1865192828542614,0.0011624751461026,0.036431856549286,UP,0.8571428571428571,7.0,0.3516666666666667,15,-0.5054761904761904,RNA_UP_METHYLATION_DOWN
Gstm6,0.7844744657823319,0.0011635223051474,0.0364347608138546,UP,0.8884615384615385,13.0,0.8757727272727274,22,-0.012688811188811155,RNA_UP_METHYLATION_DOWN
HNG_042061,-0.6057059514791474,0.0011649478067916,0.0364494980990579,DN,0.9612258064516128,31.0,0.95835,40,-0.0028758064516127835,RNA_DOWN_METHYLATION_DOWN
Hadha,-0.1536508905758467,0.001166359328545,0.0364637741926463,DN,0.08148148148148149,27.0,0.04455813953488372,43,-0.03692334194659777,RNA_DOWN_METHYLATION_DOWN
Nek6,-0.4240698076044014,0.0011696756515695,0.0365375278000933,DN,0.2390625,16.0,0.662,7,0.4229375,RNA_DOWN_METHYLATION_UP
Casp7,-0.1715131550869557,0.0011758445865246,0.0366318383570584,DN,0.38658333333333333,36.0,0.37920408163265307,49,-0.007379251700680267,RNA_DOWN_METHYLATION_DOWN
AK165338,0.1811194101615204,0.0011765334230785,0.0366318383570584,UP,0.9023928571428571,28.0,0.767375,24,-0.13501785714285708,RNA_UP_METHYLATION_DOWN
Kctd14,-0.3709685588046909,0.0011744948024933,0.0366318383570584,DN,1.0,7.0,0.9871538461538462,13,-0.01284615384615384,RNA_DOWN_METHYLATION_DOWN
Thy1,-0.6040978174031442,0.0011746197039042,0.0366318383570584,DN,0.4111333333333333,15.0,0.43857894736842107,19,0.027445614035087773,RNA_DOWN_METHYLATION_UP
Cacna1d,0.5362458067925426,0.0011775362878116,0.0366331827044377,UP,0.953125,16.0,0.9583181818181817,22,0.005193181818181736,RNA_UP_METHYLATION_UP
Rassf4,-1.01924633587506,0.0011805023607148,0.036695550580789,DN,0.3720909090909091,44.0,0.336,50,-0.03609090909090906,RNA_DOWN_METHYLATION_DOWN
Rtp4,0.9173287947418078,0.0011839469664553,0.0367427834175084,UP,0.2222222222222222,18.0,0.3331578947368421,19,0.11093567251461989,RNA_UP_METHYLATION_UP
Cldn13,-1.3940451762199202,0.0011831220203441,0.0367427834175084,DN,0.9473684210526315,19.0,0.9565789473684211,19,0.009210526315789558,RNA_DOWN_METHYLATION_UP
Cd4,-0.7918794129446755,0.0011869538641639,0.0368061762005397,DN,0.92365,20.0,0.8525238095238095,21,-0.07112619047619051,RNA_DOWN_METHYLATION_DOWN
Sbk2,0.121312457200562,0.0011915951959915,0.0369201069978806,UP,0.49943478260869567,23.0,0.44543999999999995,25,-0.053994782608695724,RNA_UP_METHYLATION_DOWN
Spns3,-0.7569150030207279,0.0012115005636961,0.0374760125748845,DN,0.22058823529411764,17.0,0.24858823529411764,17,0.027999999999999997,RNA_DOWN_METHYLATION_UP
Csrp2,0.648574764551404,0.0012106389176663,0.0374760125748845,UP,0.07800000000000001,47.0,0.115,50,0.03699999999999999,RNA_UP_METHYLATION_UP
Evc,0.950756126649237,0.0012149822517834,0.0375532813887276,UP,0.27697560975609753,41.0,0.1497017543859649,57,-0.12727385537013264,RNA_UP_METHYLATION_DOWN
1190002F15Rik,-0.5190960028775407,0.0012163375068603,0.0375647534885717,DN,0.0,95.0,0.0,64,0.0,insufficient_WGBS_data
Slc1a6,0.3929923546924992,0.0012175968994211,0.0375732488639485,UP,0.1625,24.0,0.18345652173913043,46,0.02095652173913043,RNA_UP_METHYLATION_UP
Snn,0.2660608057682792,0.001219689393109,0.0376074180240364,UP,0.5017812500000001,32.0,0.38550930232558145,43,-0.11627194767441862,RNA_UP_METHYLATION_DOWN
Cxcr1,1.2719910670376624,0.0012209141381965,0.0376147978072951,UP,0.5086999999999999,10.0,0.44647619047619047,21,-0.06222380952380946,RNA_UP_METHYLATION_DOWN
Pdgfb,0.6030681113838838,0.0012312064265284,0.0378951132568763,UP,0.4053181818181818,22.0,0.46334615384615385,26,0.05802797202797205,RNA_UP_METHYLATION_UP
Zfp943,0.3813091336645708,0.0012319982068475,0.0378951132568763,UP,0.2734736842105263,19.0,0.13714285714285715,35,-0.13633082706766916,RNA_UP_METHYLATION_DOWN
Gabrd,0.4731491250713889,0.0012344322155145,0.0379088869916509,UP,0.9722222222222222,9.0,0.26666666666666666,42,-0.7055555555555555,RNA_UP_METHYLATION_DOWN
Pola1,-0.3551802916912958,0.0012336239940198,0.0379088869916509,DN,0.13793103448275862,29.0,0.16176470588235295,34,0.02383367139959433,RNA_DOWN_METHYLATION_UP
Casp1,0.3061203861184545,0.0012380224597827,0.0379885798511484,UP,0.9047142857142857,7.0,0.49995,4,-0.4047642857142857,RNA_UP_METHYLATION_DOWN
Rps4y2,-1.125980340823892,0.001241416174728,0.0380315716065172,DN,0.8039000000000001,30.0,0.9546875,32,0.15078749999999996,RNA_DOWN_METHYLATION_UP
Phldb3,-0.5732147313442892,0.0012411521999084,0.0380315716065172,DN,0.3266666666666667,30.0,0.2564102564102564,39,-0.07025641025641033,RNA_DOWN_METHYLATION_DOWN
F2,0.6514809628303181,0.00124518463458,0.0380378489326531,UP,0.975,8.0,1.0,11,0.025000000000000022,RNA_UP_METHYLATION_UP
Il1r1,0.3013359952531527,0.0012462459821163,0.0380378489326531,UP,0.7010624999999999,16.0,0.65005,20,-0.051012499999999905,RNA_UP_METHYLATION_DOWN
Prkar1b,0.4887285106620693,0.0012468015376086,0.0380378489326531,UP,0.8642222222222222,9.0,0.9551538461538461,13,0.0909316239316239,RNA_UP_METHYLATION_UP
Antxr2,-0.7915894272774953,0.00124529411311,0.0380378489326531,DN,0.2857142857142857,49.0,0.31762264150943403,53,0.031908355795148335,RNA_DOWN_METHYLATION_UP
Peg12,0.3804199300884314,0.0012475999911893,0.0380378489326531,UP,0.625,8.0,0.7272727272727273,11,0.10227272727272729,RNA_UP_METHYLATION_UP
Eaf1,-0.2467882502254736,0.0012444270018673,0.0380378489326531,DN,0.23170731707317074,41.0,0.1956521739130435,46,-0.036055143160127257,RNA_DOWN_METHYLATION_DOWN
Nrp2,0.4831799717903617,0.0012541562870068,0.0382072256884487,UP,0.15263157894736842,38.0,0.5238181818181818,11,0.3711866028708134,RNA_UP_METHYLATION_UP
Poc1a,-0.3213946926995819,0.0012568442373603,0.0382280942059901,DN,0.330258064516129,31.0,0.2763548387096774,31,-0.05390322580645157,RNA_DOWN_METHYLATION_DOWN
Dhrs3,0.8461006010283025,0.0012566926983567,0.0382280942059901,UP,0.09803508771929825,57.0,0.14146511627906977,43,0.043430028559771516,RNA_UP_METHYLATION_UP
Mapk11,0.8336182497261957,0.0012595357574392,0.0382516271443747,UP,0.2857142857142857,28.0,0.26999999999999996,20,-0.015714285714285736,RNA_UP_METHYLATION_DOWN
Rcc1,-0.3661382698404356,0.0012616262856221,0.0382516271443747,DN,0.8461538461538461,13.0,0.56384,25,-0.28231384615384614,RNA_DOWN_METHYLATION_DOWN
Pde7a,-0.1571145080592684,0.001261261566952,0.0382516271443747,DN,0.11408450704225352,71.0,0.12666666666666668,75,0.012582159624413156,RNA_DOWN_METHYLATION_UP
Col3a1,-1.5339953306094138,0.0012612603142809,0.0382516271443747,DN,0.75,6.0,0.8095,6,0.0595,RNA_DOWN_METHYLATION_UP
Ppm1g,-0.2285208896401229,0.0012679716812398,0.0384135039811795,DN,0.2089285714285714,28.0,0.07175000000000001,36,-0.1371785714285714,RNA_DOWN_METHYLATION_DOWN
Parp16,0.2214452265315696,0.0012694260842805,0.0384270677947308,UP,0.85,15.0,0.5178571428571429,14,-0.3321428571428571,RNA_UP_METHYLATION_DOWN
Dis3l2,-0.1283752562552935,0.001271804609171,0.038440696258219,DN,0.7448888888888889,18.0,0.3236590909090909,44,-0.42122979797979804,RNA_DOWN_METHYLATION_DOWN
"3110001I22Rik,Bfar",-0.1648638160427316,0.0012728974135593,0.038440696258219,DN,0.5345555555555556,27.0,0.6093809523809524,21,0.0748253968253968,RNA_DOWN_METHYLATION_UP
Lpin3,1.0246767503462602,0.0012727262152205,0.038440696258219,UP,0.9871538461538462,13.0,0.8147692307692308,13,-0.17238461538461536,RNA_UP_METHYLATION_DOWN
Wnk4,0.9435694005270264,0.0012847782662017,0.0387688189545069,UP,0.5275000000000001,20.0,0.3019545454545454,22,-0.22554545454545466,RNA_UP_METHYLATION_DOWN
Bhlhe41,0.8686184499229921,0.0012864559147725,0.0387887797620037,UP,0.0273972602739726,73.0,0.0,35,-0.0273972602739726,RNA_UP_METHYLATION_DOWN
HAG_011559,0.6957852158576521,0.0012930367485375,0.038853234385258,UP,0.8188260869565217,23.0,0.8057741935483871,31,-0.013051893408134618,RNA_UP_METHYLATION_DOWN
Slfn3,-0.2232840674744931,0.001293682827823,0.038853234385258,DN,0.7647058823529411,17.0,0.6375,16,-0.12720588235294117,RNA_DOWN_METHYLATION_DOWN
Mthfd1,-0.4717854558774492,0.0012935457318547,0.038853234385258,DN,0.5041428571428571,28.0,0.3897058823529412,34,-0.11443697478991594,RNA_DOWN_METHYLATION_DOWN
Cpd,0.4912256861670014,0.0012927247694837,0.038853234385258,UP,0.5321851851851852,27.0,0.32827272727272727,33,-0.20391245791245793,RNA_UP_METHYLATION_DOWN
Xrcc6,-0.2999562649411444,0.0012901407476735,0.038853234385258,DN,0.24857575757575756,33.0,0.07258064516129033,62,-0.17599511241446725,RNA_DOWN_METHYLATION_DOWN
B4galnt4,0.8009901062950453,0.0012994324062416,0.0389952309835357,UP,0.12635135135135134,37.0,0.3225,60,0.19614864864864867,RNA_UP_METHYLATION_UP
2310030G06Rik,0.7504162197854628,0.0013013240109971,0.0390213198332934,UP,0.6913703703703704,27.0,0.6914266666666666,30,5.6296296296221016e-05,RNA_UP_METHYLATION_UP
Kcnab2,-0.4550493140326246,0.0013126974278552,0.03926981678377,DN,0.36665714285714285,35.0,0.3883863636363637,44,0.021729220779220848,RNA_DOWN_METHYLATION_UP
HAG_016041,0.419101608236784,0.0013119593344343,0.03926981678377,UP,1.0,20.0,0.9,20,-0.09999999999999998,RNA_UP_METHYLATION_DOWN
Hspa14,-0.1804264379005298,0.001311508717999,0.03926981678377,DN,0.15832142857142856,28.0,0.19522857142857145,35,0.03690714285714289,RNA_DOWN_METHYLATION_UP
HAG_010489,0.2894964578641392,0.001317135125279,0.0393717165247862,UP,0.6431176470588236,17.0,0.8093333333333333,27,0.16621568627450978,RNA_UP_METHYLATION_UP
Ppm1d,-0.1753070589711711,0.0013205326650673,0.0394423888035615,DN,0.14095238095238097,63.0,0.11529230769230771,65,-0.02566007326007326,RNA_DOWN_METHYLATION_DOWN
Gm13710,-0.2813689283640082,0.00132568972144,0.0395654636800705,DN,1.0,18.0,0.9318181818181818,22,-0.06818181818181823,RNA_DOWN_METHYLATION_DOWN
Klhl22,-0.2744008648053215,0.0013282930959564,0.0395930289932254,DN,0.33131875,32.0,0.3798333333333333,30,0.048514583333333305,RNA_DOWN_METHYLATION_UP
Svop,0.0996718836546406,0.0013289821393886,0.0395930289932254,UP,0.35907999999999995,25.0,0.4450454545454546,22,0.08596545454545462,RNA_UP_METHYLATION_UP
Cmklr1,0.561045834276455,0.0013297250122947,0.0395930289932254,UP,0.4391764705882353,17.0,0.5196666666666666,15,0.08049019607843133,RNA_UP_METHYLATION_UP
Hist1h2bm,-0.2104074179072428,0.0013373538479983,0.0397891434807417,DN,0.3224782608695652,23.0,0.20930232558139536,43,-0.11317593528816985,RNA_DOWN_METHYLATION_DOWN
Slc6a3,0.7858973590210663,0.0013386664542534,0.0397971774857979,UP,0.07969565217391304,23.0,0.18186363636363634,22,0.1021679841897233,RNA_UP_METHYLATION_UP
Asph,0.32959404570272,0.0013406843373546,0.0398261498252944,UP,0.24630000000000002,30.0,0.31875,32,0.07244999999999996,RNA_UP_METHYLATION_UP
Maneal,-0.4163920878012011,0.0013462266363306,0.0399286427055276,DN,0.36551724137931035,29.0,0.42500000000000004,36,0.05948275862068969,RNA_DOWN_METHYLATION_UP
Ercc6l,-0.4102921956901033,0.0013461241799301,0.0399286427055276,DN,0.46923076923076923,13.0,0.4,10,-0.0692307692307692,RNA_DOWN_METHYLATION_DOWN
Jazf1,0.5814882988600414,0.0013564967059961,0.0399583433918646,UP,0.2918139534883721,43.0,0.6333333333333333,24,0.3415193798449612,RNA_UP_METHYLATION_UP
Camkk1,0.7473930165509257,0.0013533240431714,0.0399583433918646,UP,0.07142857142857142,28.0,0.17665,40,0.10522142857142858,RNA_UP_METHYLATION_UP
Rps6ka6,0.8179019297205969,0.0013565395007362,0.0399583433918646,UP,0.3333333333333333,6.0,0.65,5,0.3166666666666667,RNA_UP_METHYLATION_UP
Vcam1,-1.209255975477867,0.0013568234411139,0.0399583433918646,DN,0.6872727272727274,11.0,0.6,10,-0.08727272727272739,RNA_DOWN_METHYLATION_DOWN
HAG_023814,-0.2880633914257897,0.0013576959912828,0.0399583433918646,DN,0.8875000000000001,24.0,0.8221600000000001,25,-0.06533999999999995,RNA_DOWN_METHYLATION_DOWN
Bcl2l14,0.3716252781561882,0.0013539283181916,0.0399583433918646,UP,0.8657,10.0,0.8351,10,-0.03060000000000007,RNA_UP_METHYLATION_DOWN
AK007998,0.2571432425497448,0.0013484218823146,0.0399583433918646,UP,0.1356206896551724,29.0,0.01971875,96,-0.1159019396551724,RNA_UP_METHYLATION_DOWN
Mpp7,0.2726640604920529,0.0013561344228575,0.0399583433918646,UP,0.17946153846153848,13.0,0.21428571428571427,14,0.034824175824175796,RNA_UP_METHYLATION_UP
Mtrr,-0.1235548098137613,0.0013497586620031,0.0399583433918646,DN,0.3546034482758621,58.0,0.23981481481481484,54,-0.11478863346104726,RNA_DOWN_METHYLATION_DOWN
HAG_031512,-0.5650750933392059,0.0013544243990628,0.0399583433918646,DN,0.8551724137931035,29.0,0.9413703703703704,27,0.08619795657726692,RNA_DOWN_METHYLATION_UP
HNG_017754,-0.7690200044018066,0.0013615913968912,0.0400112908407477,DN,0.9809552238805969,67.0,0.9387971014492754,69,-0.04215812243132144,RNA_DOWN_METHYLATION_DOWN
Tril,-0.1920007219766084,0.0013605889699263,0.0400112908407477,DN,0.30103030303030304,33.0,0.2419777777777778,45,-0.059052525252525245,RNA_DOWN_METHYLATION_DOWN
Pcdhb15,0.4452713573557575,0.0013652533091306,0.0400880379354889,UP,0.42857142857142855,7.0,0.38085714285714284,7,-0.04771428571428571,RNA_UP_METHYLATION_DOWN
Creb3l1,0.7027898728914475,0.0013740943369946,0.0402547421579132,UP,0.43478260869565216,23.0,0.361125,24,-0.07365760869565219,RNA_UP_METHYLATION_DOWN
Mboat2,0.7220537227199451,0.0013722688591247,0.0402547421579132,UP,0.09259259259259259,27.0,0.05,20,-0.042592592592592585,RNA_UP_METHYLATION_DOWN
Neil2,0.7400826984004927,0.0013735706553518,0.0402547421579132,UP,0.3876739130434782,46.0,0.5176285714285714,35,0.12995465838509324,RNA_UP_METHYLATION_UP
Rrs1,-0.2344394188962955,0.001377438294773,0.0402600111700422,DN,0.40173684210526317,19.0,0.3333333333333333,27,-0.06840350877192986,RNA_DOWN_METHYLATION_DOWN
Ovol2,0.8372060406968593,0.0013771286593125,0.0402600111700422,UP,0.146225,40.0,0.1190612244897959,49,-0.02716377551020409,RNA_UP_METHYLATION_DOWN
9030418K01Rik,0.2152007656454775,0.0013756043024946,0.0402600111700422,UP,0.5093275862068966,58.0,0.6487592592592593,54,0.1394316730523627,RNA_UP_METHYLATION_UP
Vrk2,-0.2029266045078097,0.0013794571364898,0.0402881697123885,DN,1.0,3.0,0.575,8,-0.42500000000000004,RNA_DOWN_METHYLATION_DOWN
Nbas,-0.2365944955985242,0.0013809186937109,0.0403000216944438,DN,0.7264705882352941,17.0,0.5643333333333332,27,-0.16213725490196085,RNA_DOWN_METHYLATION_DOWN
Ncapg2,-0.523888094066824,0.0013833115220655,0.0403390125441456,DN,0.5343968253968254,63.0,0.5316666666666666,60,-0.002730158730158805,RNA_DOWN_METHYLATION_DOWN
Zfp719,0.4680761375786773,0.0013968880692538,0.0406108235944829,UP,0.5818181818181819,22.0,0.5724782608695652,23,-0.009339920948616687,RNA_UP_METHYLATION_DOWN
1300017J02Rik,-0.9381480714597636,0.0013954505032239,0.0406108235944829,DN,0.8857142857142858,28.0,0.98375,20,0.09803571428571423,RNA_DOWN_METHYLATION_UP
Sox4,-0.6101731821959664,0.0013962323672162,0.0406108235944829,DN,0.6107941176470588,34.0,0.36684782608695654,46,-0.24394629156010228,RNA_DOWN_METHYLATION_DOWN
HNG_042273,0.4320003652632285,0.0013940048700979,0.0406108235944829,UP,0.8024814814814816,27.0,0.6068461538461539,39,-0.19563532763532765,RNA_UP_METHYLATION_DOWN
Pbx1,0.4766582968267876,0.001398425284203,0.0406245737812777,UP,0.20689655172413793,29.0,0.19230769230769232,26,-0.01458885941644561,RNA_UP_METHYLATION_DOWN
Myo1e,1.01073043633159,0.0014001625100576,0.0406441089991792,UP,0.42919148936170215,47.0,0.3839767441860465,43,-0.04521474517565566,RNA_UP_METHYLATION_DOWN
Aagab,-0.1780353481176746,0.0014031593075417,0.0406692460800946,DN,0.8026800000000001,25.0,0.6726071428571428,28,-0.1300728571428572,RNA_DOWN_METHYLATION_DOWN
Mtmr10,0.2150503157797834,0.001402165079079,0.0406692460800946,UP,0.20192307692307693,26.0,0.18181818181818182,33,-0.020104895104895104,RNA_UP_METHYLATION_DOWN
Armcx4,-0.9614548586670164,0.001405069786465,0.0406937207048129,DN,0.35,10.0,0.3269230769230769,26,-0.02307692307692305,RNA_DOWN_METHYLATION_DOWN
C920009B18Rik,-0.4306014119153536,0.0014069528615735,0.0407173651493452,DN,0.46754545454545454,11.0,0.4969,10,0.029354545454545466,RNA_DOWN_METHYLATION_UP
Ccnb1,-0.3071776191177164,0.0014173254046225,0.0408888720653218,DN,0.5085384615384615,39.0,0.43380851063829784,47,-0.07472995090016366,RNA_DOWN_METHYLATION_DOWN
Pde8a,0.3664056749677238,0.0014182350050949,0.0408888720653218,UP,0.0,50.0,0.0093943661971831,71,0.0093943661971831,RNA_UP_METHYLATION_UP
Gmnn,-0.4083695174430115,0.0014159127926675,0.0408888720653218,DN,0.321,27.0,0.6395625,16,0.3185625,RNA_DOWN_METHYLATION_UP
HNG_007702,0.5888339640090017,0.0014158568898966,0.0408888720653218,UP,0.84,7.0,0.777125,8,-0.06287500000000001,RNA_UP_METHYLATION_DOWN
Tec,-0.3784618585252559,0.0014178679432709,0.0408888720653218,DN,0.3236111111111111,36.0,0.37697619047619046,42,0.05336507936507934,RNA_DOWN_METHYLATION_UP
Pdhx,-0.1544592544843652,0.0014236018480531,0.0410126262218009,DN,0.3448275862068966,29.0,0.3763913043478261,23,0.03156371814092951,RNA_DOWN_METHYLATION_UP
Gclm,0.1420155159041991,0.0014282566911506,0.0410881225730723,UP,0.27666666666666667,30.0,0.2000952380952381,42,-0.07657142857142857,RNA_UP_METHYLATION_DOWN
Klf10,0.4182424353605887,0.0014283752136243,0.0410881225730723,UP,0.0,42.0,0.0013058823529411765,85,0.0013058823529411765,RNA_UP_METHYLATION_UP
Sfmbt2,0.4264572410678764,0.0014302236185182,0.0411103132274701,UP,0.13607142857142857,28.0,0.049107142857142856,28,-0.08696428571428572,RNA_UP_METHYLATION_DOWN
Prr13,0.2884294717565669,0.0014401398101543,0.0413641962627631,UP,0.298,25.0,0.30434782608695654,23,0.006347826086956554,RNA_UP_METHYLATION_UP
Dact2,0.6756522879069677,0.0014443294214371,0.0414533403572178,UP,0.3438723404255319,47.0,0.5139729729729731,37,0.17010063254744118,RNA_UP_METHYLATION_UP
Mfap3l,0.4432773802275123,0.0014477988259499,0.0415216955553441,UP,0.12667567567567567,37.0,0.24353333333333332,45,0.11685765765765765,RNA_UP_METHYLATION_UP
N4bp2l1,-0.2448033826810025,0.0014528550320591,0.0416354221349574,DN,0.36637037037037035,27.0,0.3379032258064516,31,-0.028467144563918745,RNA_DOWN_METHYLATION_DOWN
HNG_014667,0.5597895148012513,0.0014553593701521,0.041644661077548,UP,0.95,10.0,0.5625,16,-0.38749999999999996,RNA_UP_METHYLATION_DOWN
Tbc1d8,0.7127185895650632,0.0014544203876082,0.041644661077548,UP,0.8975000000000001,18.0,0.7125,20,-0.18500000000000005,RNA_UP_METHYLATION_DOWN
Gm7609,0.9924264498597268,0.0014681694519366,0.0419797485538031,UP,0.7412000000000001,5.0,0.8333999999999999,5,0.09219999999999984,RNA_UP_METHYLATION_UP
Marveld1,0.3736458280925285,0.0014701455393002,0.0420047870704868,UP,0.45454545454545453,22.0,0.40259090909090905,22,-0.051954545454545475,RNA_UP_METHYLATION_DOWN
Spc24,-0.5008756596915829,0.0014780939334698,0.0422003003952222,DN,0.5,2.0,0.2631578947368421,19,-0.2368421052631579,RNA_DOWN_METHYLATION_DOWN
Cdyl,-0.2192654062827213,0.0014803205558126,0.042232284197668,DN,1.0,9.0,1.0,11,0.0,insufficient_WGBS_data
Ak5,0.6007812643603059,0.0014847268723782,0.0423263586052448,UP,0.3225806451612903,31.0,0.8889166666666667,12,0.5663360215053763,RNA_UP_METHYLATION_UP
Vopp1,0.3153058519463672,0.0014880578841044,0.0423896608597278,UP,0.375,12.0,0.36960000000000004,15,-0.00539999999999996,RNA_UP_METHYLATION_DOWN
Birc5,-0.5347907949972575,0.0014892886298164,0.0423930839502995,DN,0.2662,30.0,0.2541785714285714,28,-0.012021428571428572,RNA_DOWN_METHYLATION_DOWN
2010110P09Rik,-0.4868469314872516,0.0014918713663212,0.0424349581186398,DN,0.8381538461538462,26.0,0.7192068965517241,29,-0.11894694960212215,RNA_DOWN_METHYLATION_DOWN
Fbxo30,0.1866267421516045,0.0014947252818293,0.0424844776306704,UP,0.5767631578947369,38.0,0.028169014084507043,71,-0.5485941438102299,RNA_UP_METHYLATION_DOWN
Tgm2,0.8615201889466437,0.0014967513735763,0.0425104117798773,UP,1.0,12.0,0.9166666666666666,15,-0.08333333333333337,RNA_UP_METHYLATION_DOWN
Lrig3,0.3380232578312974,0.0014978675116496,0.0425104822711449,UP,0.42728571428571427,35.0,0.27447169811320754,53,-0.15281401617250673,RNA_UP_METHYLATION_DOWN
Col4a1,-0.8964064102832721,0.0015002036588993,0.0425135664940652,DN,0.17391304347826086,23.0,0.15625,24,-0.017663043478260865,RNA_DOWN_METHYLATION_DOWN
Tgfb1,-0.3381082720571564,0.0014992913254918,0.0425135664940652,DN,0.5768181818181819,22.0,0.3576388888888889,36,-0.219179292929293,RNA_DOWN_METHYLATION_DOWN
Ntf3,1.1734914630451114,0.0015028636961361,0.0425573538641763,UP,0.18705555555555556,36.0,0.22749999999999998,38,0.04044444444444442,RNA_UP_METHYLATION_UP
Fam105a,-0.9787762453672064,0.0015067328336864,0.0426352896423124,DN,0.4444444444444444,18.0,0.40625,32,-0.03819444444444442,RNA_DOWN_METHYLATION_DOWN
Arhgap5,0.4743273655043527,0.0015136464813912,0.0427991951760486,UP,1.0,6.0,1.0,3,0.0,insufficient_WGBS_data
Frem1,-0.184703203098235,0.0015154416467497,0.0428182372610891,DN,0.4792941176470588,34.0,0.6327037037037037,27,0.15340958605664484,RNA_DOWN_METHYLATION_UP
Ddr1,1.5021370131839982,0.001523476627005,0.0430134244127478,UP,0.22122727272727272,22.0,0.1746818181818182,22,-0.04654545454545453,RNA_UP_METHYLATION_DOWN
Skap1,1.237247875469905,0.0015283549536617,0.043119264812398,UP,0.7333461538461539,26.0,0.3575641025641026,39,-0.3757820512820513,RNA_UP_METHYLATION_DOWN
Evl,-0.7263514258489261,0.0015371195844807,0.0433345116534699,DN,0.3371428571428572,35.0,0.332609756097561,41,-0.004533101045296195,RNA_DOWN_METHYLATION_DOWN
Icosl,-0.5966507547798718,0.0015405329314932,0.0433986886058758,DN,0.5142857142857143,28.0,0.39473684210526316,19,-0.11954887218045118,RNA_DOWN_METHYLATION_DOWN
Spint2,0.4483843939227006,0.0015421439775713,0.0434120353332267,UP,0.598967741935484,31.0,0.2540487804878049,41,-0.3449189614476791,RNA_UP_METHYLATION_DOWN
D630039A03Rik,0.4808935637020424,0.001552088291113,0.0435603929297085,UP,0.55,15.0,0.65,15,0.09999999999999998,RNA_UP_METHYLATION_UP
Bbs2,0.3616599042385866,0.0015489311019265,0.0435603929297085,UP,0.6193157894736842,19.0,0.6611111111111111,18,0.04179532163742694,RNA_UP_METHYLATION_UP
Spa17,0.3965104251982134,0.0015527182671246,0.0435603929297085,UP,0.33999999999999997,20.0,0.3869047619047619,21,0.04690476190476195,RNA_UP_METHYLATION_UP
Gkn3,1.0736447290299622,0.0015542611120785,0.0435603929297085,UP,0.7456315789473684,19.0,0.7802666666666667,15,0.03463508771929824,RNA_UP_METHYLATION_UP
HNG_030115,0.2377071380997995,0.0015542168303933,0.0435603929297085,UP,0.8461538461538461,13.0,0.8125,8,-0.033653846153846145,RNA_UP_METHYLATION_DOWN
HAG_044350,0.3379889204918456,0.0015532914072884,0.0435603929297085,UP,1.0,8.0,0.9444444444444444,9,-0.05555555555555558,RNA_UP_METHYLATION_DOWN
Dok5,0.3355472184251437,0.001558301613876,0.0436415914929381,UP,0.6008461538461538,39.0,0.5693846153846154,39,-0.03146153846153843,RNA_UP_METHYLATION_DOWN
Nucb1,-0.1667564938345762,0.0015597920345828,0.0436513061173729,DN,0.23529411764705882,17.0,0.1229047619047619,21,-0.11238935574229691,RNA_DOWN_METHYLATION_DOWN
Fam164a,0.4634762769385894,0.0015633285423702,0.0437182249958661,UP,0.3809642857142857,28.0,0.45557142857142857,21,0.07460714285714287,RNA_UP_METHYLATION_UP
Gm13051,0.6808642776141396,0.0015715203910081,0.0439151364315982,UP,0.9298064516129032,31.0,0.9221935483870968,31,-0.007612903225806433,RNA_UP_METHYLATION_DOWN
Ppp4r1,-0.2958832728857352,0.0015730598468638,0.0439259988840427,DN,0.2791666666666667,24.0,0.2,35,-0.07916666666666666,RNA_DOWN_METHYLATION_DOWN
Nox1,-0.2232789447987367,0.0015805602453376,0.0441031766703426,DN,0.4875,8.0,0.8333333333333334,6,0.3458333333333334,RNA_DOWN_METHYLATION_UP
Aph1c,0.480502815554491,0.0015855936769878,0.0442113088663111,UP,0.11787804878048781,41.0,0.16127083333333334,48,0.04339278455284552,RNA_UP_METHYLATION_UP
Gm5388,0.2729584059671946,0.0015879615144192,0.0442450123565048,UP,0.9411764705882353,17.0,0.8125,16,-0.12867647058823528,RNA_UP_METHYLATION_DOWN
Nudt16,0.2560854843108249,0.0016007503986025,0.0444068635286743,UP,0.6568235294117647,17.0,0.5625,16,-0.0943235294117647,RNA_UP_METHYLATION_DOWN
Rbfa,-0.1857394761947643,0.0016001007302453,0.0444068635286743,DN,0.5689655172413793,29.0,0.8928571428571429,14,0.32389162561576357,RNA_DOWN_METHYLATION_UP
Ppp1r36,0.3648481957008418,0.0015956787090672,0.0444068635286743,UP,0.7688888888888888,27.0,0.5016153846153846,26,-0.26727350427350427,RNA_UP_METHYLATION_DOWN
Upk1b,0.5617790992420709,0.001599740423878,0.0444068635286743,UP,0.8408999999999999,20.0,0.91,25,0.06910000000000016,RNA_UP_METHYLATION_UP
Impdh1,-0.5057570239034801,0.0016006224183195,0.0444068635286743,DN,0.5,14.0,0.4907222222222222,18,-0.009277777777777774,RNA_DOWN_METHYLATION_DOWN
Gm684,-0.5239898142764075,0.0015979111437236,0.0444068635286743,DN,0.17916666666666667,48.0,0.3488372093023256,43,0.16967054263565892,RNA_DOWN_METHYLATION_UP
Lmna,-0.8460298789081175,0.0016083902246724,0.0445863991693512,DN,0.6535263157894736,19.0,0.7029565217391304,23,0.04943020594965675,RNA_DOWN_METHYLATION_UP
HNG_021732,0.2046225104195227,0.0016118172984201,0.0446285391081326,UP,0.3333333333333333,6.0,0.38099999999999995,7,0.047666666666666635,RNA_UP_METHYLATION_UP
Psma8,0.3058393625624203,0.0016122486490127,0.0446285391081326,UP,1.0,9.0,0.9,10,-0.09999999999999998,RNA_UP_METHYLATION_DOWN
Rnft1,0.1327506974750116,0.0016155280784058,0.0446869114557315,UP,0.1571304347826087,46.0,0.5316666666666666,30,0.37453623188405794,RNA_UP_METHYLATION_UP
Klhl4,1.5579394598151746,0.0016193556164803,0.0447603494513306,UP,0.4,10.0,0.5666666666666667,12,0.16666666666666663,RNA_UP_METHYLATION_UP
HNG_016889,1.5079805727085258,0.0016221311595161,0.0447839566576475,UP,0.5240384615384616,26.0,0.49348148148148147,27,-0.0305569800569801,RNA_UP_METHYLATION_DOWN
Fndc3a,0.247759519042674,0.0016225561159364,0.0447839566576475,UP,0.8055,6.0,0.12790697674418605,43,-0.6775930232558139,RNA_UP_METHYLATION_DOWN
Rnase10,0.5995947913566756,0.0016260852219405,0.0448489343149663,UP,0.9550000000000001,10.0,0.6397777777777778,18,-0.3152222222222223,RNA_UP_METHYLATION_DOWN
HNG_025256,0.2959171194142694,0.0016300143676765,0.0448966378427255,UP,0.9761538461538461,13.0,0.75,13,-0.22615384615384615,RNA_UP_METHYLATION_DOWN
Igsf11,0.390509416923216,0.0016301671395268,0.0448966378427255,UP,0.39166666666666666,18.0,0.2916666666666667,24,-0.09999999999999998,RNA_UP_METHYLATION_DOWN
Slc39a10,0.2451418581064368,0.0016320226713906,0.0449153348322452,UP,0.18181818181818182,44.0,0.2962777777777778,18,0.11445959595959598,RNA_UP_METHYLATION_UP
Tmem38b,0.6331969453827657,0.0016385542716287,0.0450301610198791,UP,0.4782608695652174,23.0,0.3036521739130435,23,-0.1746086956521739,RNA_UP_METHYLATION_DOWN
0610007N19Rik,0.942170864931258,0.001637819545145,0.0450301610198791,UP,0.0,45.0,0.02054794520547945,73,0.02054794520547945,RNA_UP_METHYLATION_UP
Cenpm,-0.4782798503550913,0.0016449740136812,0.0450900058903618,DN,0.875,16.0,0.510090909090909,33,-0.36490909090909096,RNA_DOWN_METHYLATION_DOWN
Trf,-0.6634795572893335,0.0016466380648424,0.0450900058903618,DN,0.6092068965517242,29.0,0.457,31,-0.1522068965517242,RNA_DOWN_METHYLATION_DOWN
Sp140,0.2216358916222711,0.0016444774731162,0.0450900058903618,UP,0.6837037037037037,27.0,0.6304814814814814,27,-0.05322222222222228,RNA_UP_METHYLATION_DOWN
Rasl11b,-0.5720967896842556,0.0016443445038706,0.0450900058903618,DN,0.2356923076923077,65.0,0.49694594594594593,37,0.26125363825363823,RNA_DOWN_METHYLATION_UP
3110070M22Rik,0.2428981416296342,0.0016464365770646,0.0450900058903618,UP,0.801011111111111,90.0,0.8635200000000002,100,0.06250888888888917,RNA_UP_METHYLATION_UP
HAG_029488,-0.3646768952585946,0.0016498637024827,0.0451459478503014,DN,0.8333333333333334,18.0,0.7592777777777777,18,-0.07405555555555565,RNA_DOWN_METHYLATION_DOWN
Etv1,-0.4196937016900476,0.0016525321180457,0.0451865730730974,DN,0.0,77.0,0.017543859649122806,57,0.017543859649122806,RNA_DOWN_METHYLATION_UP
Tnip3,0.8308227439835338,0.0016628707308993,0.0453570496271538,UP,0.8,10.0,0.6428571428571429,7,-0.15714285714285714,RNA_UP_METHYLATION_DOWN
Wnt4,0.8312123798787971,0.0016636589681501,0.0453570496271538,UP,0.12879545454545455,44.0,0.10192753623188407,69,-0.02686791831357048,RNA_UP_METHYLATION_DOWN
9930014A18Rik,0.3814880465234846,0.0016639521277103,0.0453570496271538,UP,0.8520434782608695,23.0,0.5351666666666666,18,-0.3168768115942029,RNA_UP_METHYLATION_DOWN
Slc12a2,0.2439232319276127,0.0016645607355873,0.0453570496271538,UP,0.08303125,96.0,0.15583333333333332,60,0.07280208333333332,RNA_UP_METHYLATION_UP
Mcfd2,0.3594251527304486,0.0016647078101132,0.0453570496271538,UP,0.34045714285714285,35.0,0.38675,32,0.046292857142857136,RNA_UP_METHYLATION_UP
Nxph1,0.4966460781369399,0.0016673568039403,0.0453662334639701,UP,0.014084507042253521,71.0,0.01402970297029703,101,-5.4804071956491424e-05,RNA_UP_METHYLATION_DOWN
Gnas,-0.1618877774459122,0.0016686102845911,0.0453662334639701,DN,0.7089736842105264,38.0,0.8541666666666666,36,0.1451929824561402,RNA_DOWN_METHYLATION_UP
HAG_013447,-0.4574693723600007,0.0016681040787436,0.0453662334639701,DN,0.88,15.0,0.9249230769230768,13,0.04492307692307684,RNA_DOWN_METHYLATION_UP
HNG_031522,1.3509294400095515,0.001670642268706,0.0453891506626678,UP,0.6875263157894737,19.0,0.7143333333333334,18,0.026807017543859724,RNA_UP_METHYLATION_UP
Anp32a,-0.2061759609196221,0.0016731021159608,0.0454188836492545,DN,0.1511627906976744,43.0,0.07894736842105263,38,-0.07221542227662178,RNA_DOWN_METHYLATION_DOWN
Gm4841,0.4759714357543121,0.0016741163495363,0.0454188836492545,UP,0.5,5.0,0.6,5,0.09999999999999998,RNA_UP_METHYLATION_UP
Fam53b,-0.1271507194690224,0.0016769655792951,0.0454638708045844,DN,0.030303030303030304,66.0,0.019230769230769232,65,-0.011072261072261072,RNA_DOWN_METHYLATION_DOWN
1110032F04Rik,0.7527112795452443,0.0016840906380347,0.0456246329560428,UP,0.7261904761904762,21.0,0.3695681818181818,44,-0.35662229437229437,RNA_UP_METHYLATION_DOWN
HAG_012735,-0.371505401517977,0.0016897502483287,0.045745493956882,DN,0.85275,12.0,0.8636363636363636,11,0.010886363636363638,RNA_DOWN_METHYLATION_UP
Pak1,-0.0965579879656228,0.0016925243040357,0.0457881202931615,DN,0.525,12.0,0.5599333333333334,15,0.03493333333333337,RNA_DOWN_METHYLATION_UP
Gcap14,0.1771876482359804,0.0016938368942738,0.0457911770029906,UP,0.25,32.0,0.38333333333333336,30,0.13333333333333336,RNA_UP_METHYLATION_UP
Scamp3,-0.1525528873182784,0.0016965290986187,0.0458314994709672,DN,0.5817073170731708,41.0,0.6981388888888889,36,0.11643157181571806,RNA_DOWN_METHYLATION_UP
Tmem204,0.3738151510387979,0.0016977311513553,0.0458315371354569,UP,0.7435384615384616,13.0,0.636,25,-0.10753846153846158,RNA_UP_METHYLATION_DOWN
HNG_005522,0.4986230617236116,0.0017002246384928,0.0458664133572776,UP,0.48479999999999995,15.0,0.46875,16,-0.016049999999999953,RNA_UP_METHYLATION_DOWN
Pola2,-0.472110795044669,0.0017032005280879,0.0458818423134595,DN,0.1218076923076923,26.0,0.07405555555555556,36,-0.04775213675213674,RNA_DOWN_METHYLATION_DOWN
Pla2g4a,0.3202173468319795,0.001703119776254,0.0458818423134595,UP,0.4166875,16.0,0.5039411764705882,17,0.08725367647058824,RNA_UP_METHYLATION_UP
Gm1070,-0.5787477716718501,0.0017052033312366,0.0458870402138679,DN,0.8633333333333334,15.0,0.905,20,0.04166666666666663,RNA_DOWN_METHYLATION_UP
HNG_004885,0.3183014122554547,0.0017057977067871,0.0458870402138679,UP,0.7992,25.0,0.7534583333333332,24,-0.04574166666666679,RNA_UP_METHYLATION_DOWN
Plxdc2,-0.823119505819502,0.0017125777089927,0.0460369833152615,DN,0.060653846153846155,26.0,0.2,10,0.13934615384615384,RNA_DOWN_METHYLATION_UP
Chpf,0.3503365213492362,0.0017157334087186,0.0460893565641151,UP,0.24342105263157895,38.0,0.2001953488372093,43,-0.04322570379436966,RNA_UP_METHYLATION_DOWN
4930438A08Rik,-0.4706863833359445,0.0017215481643903,0.046213035535239,DN,0.7142857142857143,7.0,0.9143000000000001,10,0.2000142857142858,RNA_DOWN_METHYLATION_UP
Sema6d,1.1413106108668685,0.0017229924894226,0.0462193037991848,UP,0.07777777777777778,45.0,0.21212121212121213,33,0.13434343434343435,RNA_UP_METHYLATION_UP
HAG_000436,0.3399586366825846,0.0017310622378266,0.046403165549381,UP,1.0,9.0,0.9285714285714286,14,-0.0714285714285714,RNA_UP_METHYLATION_DOWN
Mad2l1,-0.3067400832499647,0.0017371035458937,0.0465324326693738,DN,0.16666666666666666,24.0,0.03333333333333333,30,-0.13333333333333333,RNA_DOWN_METHYLATION_DOWN
Rasip1,1.060667141049347,0.0017409684846554,0.0466032601656862,UP,0.8678,30.0,0.7740344827586206,29,-0.09376551724137938,RNA_UP_METHYLATION_DOWN
Glipr1l1,0.5932485621593724,0.0017470244634345,0.0466345579148412,UP,0.9347826086956522,23.0,0.9123103448275862,29,-0.022472263868066,RNA_UP_METHYLATION_DOWN
Fam110c,0.4752431433957174,0.00174484249178,0.0466345579148412,UP,0.5512692307692307,26.0,0.4762692307692307,26,-0.07500000000000001,RNA_UP_METHYLATION_DOWN
Pdgfrb,-0.3706103475876947,0.0017459252981972,0.0466345579148412,DN,0.6847083333333334,24.0,0.5300416666666666,24,-0.15466666666666673,RNA_DOWN_METHYLATION_DOWN
HNG_009875,-0.8778724757661602,0.0017467591615506,0.0466345579148412,DN,0.6481111111111111,9.0,0.875,8,0.22688888888888892,RNA_DOWN_METHYLATION_UP
Pcdhb18,0.6076790286969647,0.0017500042243743,0.0466814544044838,UP,0.5917894736842105,19.0,0.6568823529411765,17,0.06509287925696594,RNA_UP_METHYLATION_UP
"Epc1,Mir1893",-0.1290602348032345,0.001759583194876,0.0469041967282182,DN,0.17092307692307693,39.0,0.13505172413793104,58,-0.03587135278514589,RNA_DOWN_METHYLATION_DOWN
Klhdc9,0.2129112843653069,0.0017614815124669,0.0469220323055757,UP,0.4859705882352941,34.0,0.43023255813953487,43,-0.05573803009575923,RNA_UP_METHYLATION_DOWN
Fkbp11,0.3172042856833075,0.0017659206559982,0.0470074778805903,UP,0.3037222222222222,18.0,0.2035714285714286,21,-0.10015079365079363,RNA_UP_METHYLATION_DOWN
Glrx2,0.2850619501997782,0.0017734012874207,0.0471737100651057,UP,0.45689655172413796,29.0,0.46153846153846156,26,0.004641909814323608,RNA_UP_METHYLATION_UP
Csprs,0.2889395173475413,0.0017766153000769,0.0472262947315714,UP,0.866375,8.0,0.6785714285714286,7,-0.1878035714285714,RNA_UP_METHYLATION_DOWN
HAG_026576,-0.9004745400905283,0.0017803790625317,0.0472397157067142,DN,0.8385625,16.0,0.9767857142857144,14,0.13822321428571438,RNA_DOWN_METHYLATION_UP
HAG_004029,-0.2211055848007861,0.0017808328330179,0.0472397157067142,DN,0.9191176470588235,68.0,0.9606263736263736,91,0.041508726567550114,RNA_DOWN_METHYLATION_UP
Gm8909,1.0601033950880765,0.0017805574430802,0.0472397157067142,UP,0.5625,8.0,0.35714285714285715,7,-0.20535714285714285,RNA_UP_METHYLATION_DOWN
Art2b,0.5987822097894009,0.0017884065682614,0.0474076774469963,UP,0.8333571428571428,14.0,0.9666666666666667,15,0.13330952380952388,RNA_UP_METHYLATION_UP
Rffl,-0.1403068577903479,0.0017920185035495,0.047470458235596,DN,0.7514705882352941,34.0,0.796875,32,0.04540441176470589,RNA_DOWN_METHYLATION_UP
Ints8,-0.3811469163014616,0.0017934021542824,0.0474705129287851,DN,0.5211428571428571,21.0,0.3991666666666667,24,-0.1219761904761904,RNA_DOWN_METHYLATION_DOWN
Lix1l,-0.3138500959100803,0.0017945077584679,0.0474705129287851,DN,0.3904347826086956,23.0,0.38095238095238093,21,-0.009482401656314643,RNA_DOWN_METHYLATION_DOWN
Gm11818,0.5902391262377185,0.0017964749204554,0.0474896403487699,UP,0.5499999999999999,12.0,0.4850833333333333,12,-0.06491666666666662,RNA_UP_METHYLATION_DOWN
Thrb,0.2861720542212658,0.0018043920216621,0.0476659185127251,UP,0.005203125,64.0,0.0,77,-0.005203125,RNA_UP_METHYLATION_DOWN
Nup210,-0.2707068999051092,0.0018068433310908,0.0476976650307052,DN,0.5773157894736842,19.0,0.29000000000000004,35,-0.2873157894736842,RNA_DOWN_METHYLATION_DOWN
HAG_017664,0.7222137318405311,0.001809382902922,0.0477178745849068,UP,0.775,10.0,0.9423076923076923,13,0.16730769230769227,RNA_UP_METHYLATION_UP
Man1c1,-0.1574007944522595,0.0018101090432501,0.0477178745849068,DN,0.3241935483870968,31.0,0.266075,40,-0.05811854838709679,RNA_DOWN_METHYLATION_DOWN
Rhd,-1.55042084448068,0.0018122130332212,0.047740369844115,DN,0.9339310344827586,29.0,0.9718076923076923,26,0.03787665782493366,RNA_DOWN_METHYLATION_UP
Prcc,-0.1813029021827477,0.0018284458827401,0.0481139025057227,DN,0.3712121212121212,33.0,0.4686470588235294,34,0.0974349376114082,RNA_DOWN_METHYLATION_UP
HAG_022383,0.8900996867432052,0.0018289131440795,0.0481139025057227,UP,0.7895161290322581,31.0,0.8606999999999999,30,0.07118387096774181,RNA_UP_METHYLATION_UP
Lst1,-0.579739816456474,0.001834966827648,0.048239913047507,DN,0.47058823529411764,17.0,0.5198571428571428,21,0.049268907563025155,RNA_DOWN_METHYLATION_UP
Rab19,0.3711142082134968,0.0018362441528372,0.0482402696504501,UP,0.3533684210526316,19.0,0.4321851851851851,27,0.07881676413255351,RNA_UP_METHYLATION_UP
HAG_044361,0.786090747884848,0.0018378441757758,0.0482490975775209,UP,1.0,4.0,0.8855,4,-0.11450000000000005,RNA_UP_METHYLATION_DOWN
Serpinb8,0.560426680005591,0.0018422727109047,0.0483321195330973,UP,0.4,5.0,0.75,4,0.35,RNA_UP_METHYLATION_UP
Ston2,0.715182263012017,0.0018544357362051,0.0486178028313342,UP,0.8666666666666667,33.0,0.9271,40,0.06043333333333334,RNA_UP_METHYLATION_UP
2410042D21Rik,0.306939891446655,0.0018565442875613,0.0486396764205846,UP,0.6359473684210526,19.0,0.42910526315789477,38,-0.20684210526315783,RNA_UP_METHYLATION_DOWN
HNG_014257,0.0662305954848003,0.0018631518519214,0.0487755844735562,UP,0.9739130434782608,23.0,0.9318695652173913,23,-0.042043478260869516,RNA_UP_METHYLATION_DOWN
Sh3bp5,0.1706282912994483,0.0018655651611493,0.0487755844735562,UP,0.625,12.0,0.4558181818181818,33,-0.1691818181818182,RNA_UP_METHYLATION_DOWN
HNG_031371,0.1982686243534234,0.0018647896644299,0.0487755844735562,UP,0.9325714285714286,21.0,0.9153636363636365,22,-0.017207792207792116,RNA_UP_METHYLATION_DOWN
Mrc1,-0.9134155367050156,0.0018728396817846,0.0489322630616598,DN,0.7676250000000001,24.0,0.6388148148148147,27,-0.1288101851851854,RNA_DOWN_METHYLATION_DOWN
Gm4944,0.3681014740954289,0.0018769387656097,0.0490058184410778,UP,0.23529411764705882,17.0,0.2877647058823529,17,0.0524705882352941,RNA_UP_METHYLATION_UP
Mtap1b,1.325458546183424,0.0018936440169168,0.0494081882527342,UP,0.57524,25.0,0.667952380952381,21,0.09271238095238099,RNA_UP_METHYLATION_UP
Atp1b2,-1.3730230996715842,0.0018969276003597,0.049460054891346,DN,0.05263157894736842,19.0,0.15476190476190477,21,0.10213032581453635,RNA_DOWN_METHYLATION_UP
Ptprz1,0.3736826949207701,0.001905564417079,0.0495498671176715,UP,0.23557575757575755,33.0,0.32315555555555553,45,0.08757979797979798,RNA_UP_METHYLATION_UP
Lmnb1,-0.5022878068812133,0.0019042636060719,0.0495498671176715,DN,0.041666666666666664,36.0,0.0640625,64,0.02239583333333333,RNA_DOWN_METHYLATION_UP
4930550C14Rik,0.3439989658975577,0.0019054769741629,0.0495498671176715,UP,0.63853125,32.0,0.59309375,32,-0.04543750000000002,RNA_UP_METHYLATION_DOWN
Homer1,0.7179482999732265,0.0019050812597351,0.0495498671176715,UP,0.375,8.0,0.08536486486486487,74,-0.2896351351351351,RNA_UP_METHYLATION_DOWN
A730090H04Rik,0.4101080586889934,0.0019134716540366,0.0497216065200055,UP,0.13717857142857143,56.0,0.10741509433962264,53,-0.02976347708894879,RNA_UP_METHYLATION_DOWN
HNG_040173,-0.2221017633198829,0.0019149607822786,0.0497264510075789,DN,0.75,2.0,1.0,2,0.25,RNA_DOWN_METHYLATION_UP
Zbed4,-0.399112377615765,0.0019238270431371,0.0499227232431221,DN,0.44240909090909086,44.0,0.62946875,32,0.18705965909090916,RNA_DOWN_METHYLATION_UP
Gm14295,0.3694754774353375,0.0019253417225721,0.0499280871155048,UP,0.8333333333333334,6.0,0.6363636363636364,11,-0.19696969696969702,RNA_UP_METHYLATION_DOWN
